GAME,WINNER,TIME,random,random
0,0,0.13259398937225342,38,18
1,1,0.12101399898529053,22,38
2,1,0.12479603290557861,22,37
3,0,0.13352394104003906,39,20
4,0,0.13725197315216064,38,22
5,1,0.14207804203033447,21,39
6,0,0.10494697093963623,35,21
7,0,0.17637991905212402,37,19
8,1,0.14283502101898193,27,37
9,0,0.14373600482940674,37,27
10,1,0.12137305736541748,24,36
11,1,0.10437798500061035,19,37
12,1,0.13378703594207764,23,37
13,0,0.135841965675354,38,26
14,1,0.12111592292785645,20,39
15,1,0.12066197395324707,24,36
16,0,0.12172400951385498,35,35
17,0,0.1261739730834961,36,16
18,0,0.12489497661590576,37,23
19,1,0.15046703815460205,23,36
20,0,0.12398302555084229,39,21
21,1,0.10764205455780029,24,36
22,0,0.13961100578308105,41,26
23,0,0.1264129877090454,37,23
24,0,0.12655997276306152,38,21
25,0,0.11839699745178223,36,20
26,0,0.14153003692626953,36,24
27,1,0.12963402271270752,23,37
28,0,0.11245501041412354,35,17
29,0,0.13035404682159424,36,22
30,0,0.11958205699920654,36,24
31,0,0.15912199020385742,38,22
32,1,0.14038896560668945,24,36
33,1,0.13933897018432617,22,38
34,0,0.11481893062591553,40,21
35,0,0.13093197345733643,35,21
36,0,0.12127804756164551,35,21
37,1,0.11959004402160645,23,36
38,1,0.11840808391571045,21,35
39,1,0.13658010959625244,24,38
40,0,0.1381930112838745,35,35
41,0,0.1097259521484375,36,16
42,1,0.12050008773803711,20,36
43,1,0.11685001850128174,19,35
44,1,0.13276898860931396,27,36
45,1,0.13974404335021973,21,35
46,1,0.1188499927520752,23,37
47,0,0.16655302047729492,37,27
48,0,0.1483370065689087,38,22
49,0,0.17099201679229736,37,23
50,1,0.1236729621887207,34,36
51,0,0.16529297828674316,36,24
52,0,0.12904798984527588,39,24
53,1,0.12240803241729736,21,35
54,0,0.12583303451538086,36,20
55,1,0.12654602527618408,21,35
56,1,0.12248098850250244,20,36
57,1,0.16364192962646484,21,35
58,1,0.14040899276733398,22,38
59,1,0.14605498313903809,23,37
60,0,0.1431419849395752,37,23
61,1,0.12458503246307373,22,36
62,1,0.12862896919250488,22,36
63,0,0.13554394245147705,36,24
64,1,0.13407599925994873,22,38
65,0,0.15213608741760254,38,26
66,1,0.10680806636810303,22,34
67,1,0.1211400032043457,21,35
68,1,0.11827600002288818,20,39
69,1,0.13110601902008057,21,39
70,0,0.14658403396606445,36,24
71,1,0.11941003799438477,23,36
72,0,0.13641297817230225,38,22
73,0,0.12584102153778076,36,24
74,1,0.11975693702697754,21,35
75,0,0.13607001304626465,36,34
76,1,0.10994291305541992,19,37
77,0,0.13432705402374268,36,27
78,0,0.13090503215789795,36,24
79,1,0.1367030143737793,26,38
80,1,0.1445770263671875,24,36
81,1,0.14974594116210938,25,35
82,1,0.1594860553741455,26,41
83,0,0.13447391986846924,38,22
84,0,0.14573299884796143,38,25
85,0,0.14098894596099854,37,27
86,0,0.13495004177093506,35,35
87,0,0.11265206336975098,35,23
88,1,0.10782301425933838,23,35
89,0,0.11104691028594971,37,18
90,0,0.13966405391693115,37,23
91,0,0.12757599353790283,36,24
92,0,0.14420902729034424,38,26
93,1,0.14079499244689941,24,35
94,1,0.11127495765686035,21,38
95,0,0.15393197536468506,36,24
96,0,0.14399492740631104,39,25
97,0,0.16224801540374756,41,26
98,1,0.12875401973724365,24,35
99,1,0.10995995998382568,23,37
100,1,0.14166605472564697,25,38
101,0,0.12984895706176758,37,23
102,1,0.12835097312927246,22,37
103,1,0.10814905166625977,21,35
104,0,0.09786391258239746,34,22
105,0,0.1260470151901245,35,21
106,0,0.10535895824432373,35,21
107,1,0.1466360092163086,26,38
108,0,0.12516403198242188,36,24
109,1,0.11818408966064453,24,36
110,0,0.1468280553817749,37,23
111,0,0.12013709545135498,35,35
112,0,0.13427889347076416,37,19
113,1,0.10770905017852783,23,35
114,1,0.12221801280975342,20,36
115,0,0.12198507785797119,36,16
116,0,0.13131499290466309,36,34
117,1,0.12582600116729736,24,36
118,0,0.11590194702148438,36,16
119,0,0.14889907836914062,38,22
120,0,0.12062501907348633,36,20
121,0,0.12851297855377197,38,18
122,0,0.14160192012786865,38,22
123,0,0.12291502952575684,35,17
124,1,0.11955106258392334,19,37
125,1,0.16444706916809082,19,37
126,1,0.14224004745483398,38,39
127,0,0.1050950288772583,36,16
128,1,0.11387407779693604,22,38
129,1,0.12681996822357178,18,38
130,0,0.1306149959564209,38,22
131,0,0.11955392360687256,38,22
132,1,0.12966299057006836,21,35
133,1,0.12598299980163574,21,35
134,0,0.15568900108337402,39,25
135,0,0.16380000114440918,36,24
136,1,0.1568700075149536,26,38
137,1,0.14690101146697998,26,38
138,0,0.1476759910583496,38,26
139,1,0.1569221019744873,23,37
140,0,0.12950897216796875,35,35
141,0,0.15408802032470703,40,21
142,1,0.1602950096130371,26,38
143,0,0.17060494422912598,38,22
144,1,0.11224603652954102,23,36
145,0,0.11973106861114502,37,23
146,1,0.13540005683898926,23,37
147,1,0.1435149908065796,27,37
148,0,0.1295490264892578,35,21
149,0,0.14125406742095947,35,35
150,1,0.12006592750549316,21,35
151,0,0.13289105892181396,36,20
152,1,0.13971590995788574,23,37
153,0,0.11550700664520264,37,20
154,1,0.14435803890228271,24,35
155,1,0.12145400047302246,23,37
156,1,0.1201859712600708,18,38
157,0,0.12759196758270264,36,24
158,0,0.19390809535980225,36,24
159,0,0.1502300500869751,37,19
160,1,0.1356130838394165,23,37
161,1,0.12495410442352295,21,37
162,1,0.12939703464508057,18,38
163,0,0.13444900512695312,37,23
164,0,0.13848304748535156,36,22
165,0,0.12208199501037598,35,25
166,1,0.1179800033569336,20,36
167,1,0.14065396785736084,23,37
168,0,0.13579308986663818,35,35
169,0,0.11780011653900146,36,22
170,0,0.13682997226715088,38,38
171,0,0.11988699436187744,35,35
172,1,0.14815306663513184,23,37
173,0,0.13122200965881348,37,23
174,0,0.11792707443237305,35,21
175,1,0.14200091361999512,24,36
176,0,0.13037705421447754,35,35
177,0,0.13167905807495117,39,21
178,0,0.13886094093322754,36,18
179,0,0.15402400493621826,35,21
180,0,0.13849902153015137,35,21
181,1,0.13502001762390137,25,37
182,1,0.12538397312164307,19,37
183,0,0.13182497024536133,35,35
184,0,0.12180197238922119,36,20
185,1,0.13741707801818848,16,36
186,0,0.12388491630554199,35,21
187,0,0.12350797653198242,39,20
188,1,0.15714704990386963,22,38
189,0,0.14033305644989014,40,19
190,1,0.1134570837020874,14,36
191,0,0.13207292556762695,36,34
192,0,0.1704319715499878,35,21
193,1,0.1726170778274536,26,38
194,0,0.12181198596954346,35,21
195,0,0.11124706268310547,35,23
196,1,0.1863689422607422,21,35
197,0,0.14354610443115234,38,20
198,0,0.11789906024932861,37,22
199,1,0.13071894645690918,18,36
200,0,0.1642969846725464,35,35
201,1,0.1571270227432251,21,40
202,1,0.15521299839019775,24,36
203,1,0.15716397762298584,26,37
204,0,0.14636504650115967,36,24
205,0,0.25119102001190186,35,35
206,0,0.12474799156188965,34,22
207,1,0.1232149600982666,18,38
208,1,0.14509594440460205,24,36
209,1,0.15211403369903564,34,36
210,1,0.14034295082092285,24,36
211,0,0.1435760259628296,39,24
212,0,0.16030502319335938,37,19
213,0,0.12897801399230957,37,19
214,0,0.12410604953765869,35,21
215,0,0.12818098068237305,37,23
216,0,0.14528095722198486,41,21
217,1,0.13010704517364502,20,38
218,0,0.15165293216705322,39,24
219,1,0.14623498916625977,23,40
220,1,0.1321800947189331,19,37
221,1,0.13615405559539795,22,38
222,1,0.1580890417098999,21,38
223,0,0.13047707080841064,37,25
224,1,0.12268102169036865,22,38
225,1,0.13380300998687744,20,36
226,0,0.12522900104522705,38,26
227,0,0.12082195281982422,35,35
228,1,0.15369093418121338,27,40
229,1,0.13029897212982178,34,36
230,0,0.1561739444732666,38,18
231,1,0.11496603488922119,18,38
232,1,0.12272799015045166,24,36
233,0,0.20556998252868652,38,22
234,0,0.10609710216522217,35,17
235,1,0.11629199981689453,21,35
236,0,0.13142096996307373,36,20
237,0,0.13851392269134521,35,35
238,0,0.1394559144973755,36,24
239,0,0.1462550163269043,37,23
240,0,0.14547491073608398,41,22
241,0,0.10890400409698486,36,20
242,0,0.14204108715057373,38,26
243,0,0.13441002368927002,38,22
244,0,0.1491609811782837,35,17
245,0,0.10996198654174805,37,19
246,0,0.14925611019134521,37,23
247,0,0.10850095748901367,39,18
248,0,0.14202499389648438,38,25
249,1,0.13313400745391846,24,37
250,0,0.12680602073669434,38,25
251,0,0.13078999519348145,35,21
252,0,0.14789795875549316,37,23
253,1,0.130823016166687,21,35
254,0,0.1290900707244873,38,22
255,0,0.12168502807617188,38,25
256,1,0.14157593250274658,34,36
257,1,0.1469489336013794,26,38
258,0,0.13604998588562012,36,24
259,1,0.13016903400421143,22,38
260,1,0.10399210453033447,13,35
261,0,0.09557104110717773,38,19
262,0,0.13560593128204346,36,24
263,1,0.10619497299194336,16,36
264,0,0.12584900856018066,36,24
265,0,0.134132981300354,37,27
266,0,0.1711980104446411,38,25
267,0,0.1468900442123413,38,26
268,1,0.13141608238220215,34,36
269,1,0.11562395095825195,21,35
270,1,0.12835097312927246,19,37
271,1,0.13983190059661865,26,37
272,1,0.1379380226135254,21,35
273,0,0.11949002742767334,35,23
274,1,0.11916899681091309,18,38
275,0,0.13710498809814453,36,20
276,0,0.13809704780578613,36,20
277,0,0.12789607048034668,36,23
278,1,0.15328407287597656,24,36
279,1,0.16330194473266602,21,35
280,0,0.12269604206085205,35,17
281,1,0.13090002536773682,23,35
282,0,0.14907491207122803,36,24
283,0,0.1473749876022339,38,22
284,0,0.15670692920684814,34,22
285,0,0.1445859670639038,37,21
286,0,0.12994301319122314,38,22
287,1,0.14967501163482666,24,39
288,0,0.11796998977661133,38,20
289,0,0.12081396579742432,37,23
290,0,0.10707104206085205,35,23
291,0,0.1454150676727295,35,17
292,0,0.16082799434661865,35,25
293,0,0.1589289903640747,36,20
294,1,0.11313307285308838,23,35
295,0,0.11422991752624512,35,23
296,1,0.12610101699829102,21,37
297,0,0.14883697032928467,38,25
298,0,0.180076003074646,37,23
299,0,0.14646196365356445,39,36
300,1,0.12734699249267578,24,38
301,1,0.14354097843170166,22,38
302,1,0.11735403537750244,25,37
303,1,0.10734593868255615,34,36
304,1,0.1290649175643921,27,37
305,0,0.14886903762817383,40,24
306,0,0.12830007076263428,35,35
307,1,0.13235700130462646,23,37
308,0,0.11804497241973877,36,26
309,0,0.1228330135345459,38,18
310,1,0.130173921585083,24,36
311,0,0.1276710033416748,36,24
312,1,0.13717901706695557,21,35
313,1,0.13159704208374023,21,35
314,0,0.1337350606918335,38,22
315,0,0.1279369592666626,36,22
316,0,0.16160202026367188,39,24
317,0,0.10573399066925049,35,23
318,0,0.18098700046539307,41,24
319,0,0.13861095905303955,37,22
320,1,0.13098406791687012,24,36
321,0,0.13040900230407715,37,23
322,0,0.09705996513366699,35,19
323,0,0.11461400985717773,35,21
324,0,0.12752509117126465,36,20
325,1,0.204010009765625,24,36
326,1,0.209678053855896,25,35
327,0,0.15177905559539795,36,23
328,0,0.14212799072265625,34,22
329,1,0.14152908325195312,21,35
330,1,0.12835192680358887,24,36
331,0,0.2029409408569336,35,35
332,0,0.17728006839752197,38,26
333,1,0.1583329439163208,24,36
334,0,0.1594640016555786,38,22
335,0,0.11948502063751221,35,21
336,0,0.14242291450500488,36,24
337,0,0.12155294418334961,35,17
338,0,0.16205894947052002,39,24
339,0,0.13623905181884766,36,34
340,0,0.1359790563583374,36,27
341,0,0.16655898094177246,37,23
342,0,0.15081095695495605,36,20
343,0,0.15212702751159668,37,19
344,0,0.15206694602966309,35,35
345,1,0.15981197357177734,24,36
346,1,0.1386580467224121,23,37
347,1,0.18031704425811768,21,35
348,0,0.23595094680786133,38,22
349,1,0.16255998611450195,24,36
350,0,0.15960896015167236,38,22
351,1,0.14867007732391357,20,36
352,1,0.13956594467163086,20,36
353,0,0.19610106945037842,37,19
354,0,0.14736902713775635,37,19
355,1,0.13265299797058105,23,37
356,0,0.12445700168609619,35,21
357,0,0.10688602924346924,35,17
358,1,0.12970304489135742,23,37
359,0,0.1335049867630005,37,23
360,1,0.14594006538391113,24,36
361,0,0.12248897552490234,36,24
362,1,0.12387406826019287,23,37
363,0,0.14042699337005615,36,24
364,0,0.11292004585266113,35,21
365,1,0.1385490894317627,23,37
366,1,0.12905395030975342,22,37
367,1,0.13127493858337402,21,35
368,0,0.1251460313796997,38,22
369,1,0.12629199028015137,23,37
370,0,0.1341639757156372,36,20
371,1,0.12175095081329346,17,35
372,1,0.12878799438476562,23,37
373,1,0.11690104007720947,20,38
374,0,0.15311205387115479,40,37
375,1,0.11514401435852051,14,38
376,1,0.13462400436401367,18,36
377,0,0.13405108451843262,38,25
378,0,0.12379193305969238,36,24
379,1,0.1475520133972168,24,36
380,0,0.12718403339385986,38,21
381,1,0.166390061378479,23,37
382,1,0.18294000625610352,23,37
383,1,0.15480899810791016,24,36
384,1,0.15803802013397217,19,37
385,1,0.15555596351623535,21,35
386,0,0.1343320608139038,35,21
387,0,0.17441797256469727,38,22
388,1,0.15439903736114502,21,35
389,0,0.1533520221710205,35,35
390,1,0.14133596420288086,23,37
391,1,0.1310659646987915,24,36
392,0,0.16724705696105957,37,23
393,1,0.17358100414276123,19,37
394,1,0.15683090686798096,21,35
395,0,0.1548670530319214,38,26
396,0,0.14432299137115479,35,35
397,1,0.1627049446105957,22,38
398,0,0.14031505584716797,35,21
399,1,0.11385190486907959,21,35
400,1,0.17302298545837402,34,36
401,0,0.13856494426727295,39,16
402,1,0.16807293891906738,24,36
403,0,0.1545490026473999,37,23
404,0,0.18707501888275146,37,27
405,1,0.16116607189178467,25,35
406,0,0.13401401042938232,36,36
407,0,0.11471092700958252,36,22
408,1,0.1464320421218872,22,41
409,0,0.15858900547027588,37,23
410,0,0.15455806255340576,39,24
411,0,0.13308000564575195,35,21
412,1,0.1446009874343872,23,37
413,1,0.12427401542663574,23,37
414,1,0.1548449993133545,21,39
415,1,0.1293240785598755,24,35
416,1,0.14542198181152344,24,36
417,0,0.11804008483886719,35,21
418,0,0.1395479440689087,35,35
419,1,0.1783539056777954,27,37
420,0,0.17645204067230225,37,19
421,0,0.11750900745391846,35,21
422,0,0.1434699296951294,37,21
423,1,0.14090502262115479,22,34
424,0,0.15281403064727783,36,24
425,0,0.1398860216140747,35,17
426,1,0.15318095684051514,27,40
427,1,0.1544179916381836,21,35
428,0,0.1585979461669922,36,20
429,1,0.1489330530166626,24,36
430,0,0.1503239870071411,35,35
431,1,0.1290590763092041,23,35
432,1,0.14873802661895752,26,35
433,0,0.16676092147827148,36,20
434,1,0.12707304954528809,17,35
435,0,0.14158904552459717,36,24
436,0,0.13274097442626953,35,35
437,1,0.16236400604248047,23,37
438,0,0.14722895622253418,35,17
439,0,0.16928601264953613,38,22
440,0,0.16364097595214844,35,35
441,0,0.1542050838470459,35,21
442,0,0.15700602531433105,35,21
443,0,0.15915393829345703,35,35
444,1,0.18292808532714844,23,37
445,0,0.15729296207427979,36,24
446,1,0.16298604011535645,22,38
447,0,0.1696239709854126,38,22
448,1,0.16839897632598877,37,40
449,1,0.15759289264678955,25,37
450,1,0.148703932762146,21,35
451,1,0.14679288864135742,21,38
452,1,0.12723004817962646,21,35
453,1,0.15839004516601562,23,37
454,1,0.15565991401672363,21,37
455,1,0.1471409797668457,21,35
456,1,0.14186203479766846,18,37
457,0,0.16242289543151855,35,21
458,1,0.15008890628814697,24,36
459,0,0.16574394702911377,36,24
460,0,0.13528704643249512,38,14
461,0,0.13861703872680664,35,17
462,1,0.13247501850128174,17,37
463,1,0.16952097415924072,34,36
464,0,0.1555650234222412,36,23
465,0,0.14388108253479004,36,23
466,0,0.1479930877685547,36,24
467,1,0.1801549196243286,23,37
468,1,0.1446589231491089,24,36
469,0,0.14202511310577393,38,17
470,1,0.1938689947128296,22,38
471,1,0.12875306606292725,18,36
472,0,0.15000808238983154,35,21
473,1,0.17921102046966553,22,38
474,0,0.17112398147583008,37,23
475,0,0.14005804061889648,36,20
476,0,0.1320279836654663,35,21
477,0,0.15677297115325928,35,35
478,0,0.16328203678131104,41,18
479,1,0.1627410650253296,20,36
480,1,0.18116307258605957,27,37
481,1,0.12759900093078613,20,36
482,0,0.17630696296691895,38,26
483,0,0.16397297382354736,35,21
484,0,0.1802220344543457,36,20
485,0,0.16490495204925537,35,21
486,0,0.1469440460205078,39,38
487,0,0.14414405822753906,38,22
488,1,0.13765501976013184,19,37
489,0,0.13470900058746338,35,35
490,0,0.15545105934143066,36,20
491,0,0.16726505756378174,37,26
492,1,0.1586930751800537,24,36
493,0,0.17257201671600342,38,22
494,0,0.18314802646636963,38,27
495,1,0.1440659761428833,18,36
496,1,0.17990005016326904,24,38
497,1,0.13918602466583252,25,39
498,0,0.1458200216293335,35,19
499,1,0.18001699447631836,23,37
500,1,0.16363894939422607,22,38
501,0,0.15664100646972656,36,20
502,0,0.18289399147033691,40,23
503,0,0.13655197620391846,36,20
504,1,0.16741204261779785,25,40
505,0,0.13802504539489746,35,21
506,0,0.1636350154876709,37,23
507,0,0.14593398571014404,37,23
508,1,0.17899596691131592,23,40
509,0,0.17684590816497803,36,34
510,1,0.16656911373138428,23,37
511,0,0.18194591999053955,37,26
512,0,0.160614013671875,38,18
513,0,0.1709519624710083,36,22
514,0,0.17631101608276367,38,25
515,1,0.18790197372436523,22,38
516,1,0.2172490358352661,26,38
517,0,0.21464300155639648,38,26
518,0,0.14958500862121582,37,23
519,0,0.1618889570236206,36,24
520,0,0.1633009910583496,35,35
521,1,0.15398108959197998,22,38
522,1,0.15580499172210693,19,37
523,1,0.15831398963928223,19,37
524,1,0.13178598880767822,20,36
525,1,0.1596459150314331,26,38
526,0,0.1421879529953003,36,22
527,0,0.1566530466079712,37,19
528,0,0.14611196517944336,35,23
529,0,0.1606919765472412,35,21
530,0,0.1621919870376587,36,24
531,0,0.14781200885772705,35,21
532,1,0.19815003871917725,23,40
533,0,0.13106203079223633,38,13
534,0,0.14718401432037354,38,25
535,1,0.1625150442123413,22,34
536,0,0.15821599960327148,36,24
537,0,0.17508208751678467,38,26
538,0,0.17035794258117676,38,18
539,0,0.14500796794891357,35,35
540,1,0.15604400634765625,25,38
541,0,0.18600797653198242,40,37
542,1,0.14736104011535645,38,39
543,0,0.11517500877380371,35,19
544,1,0.12724900245666504,23,37
545,1,0.1341780424118042,21,35
546,0,0.21816301345825195,37,19
547,0,0.18723702430725098,37,27
548,0,0.16967105865478516,38,26
549,0,0.12426495552062988,36,18
550,0,0.15829992294311523,37,23
551,0,0.16338801383972168,36,24
552,0,0.14711999893188477,38,23
553,0,0.142348051071167,36,20
554,1,0.1637970209121704,24,36
555,0,0.14788103103637695,38,21
556,0,0.18250203132629395,38,26
557,0,0.13381004333496094,35,21
558,0,0.18206501007080078,37,27
559,1,0.15028810501098633,26,38
560,0,0.15158092975616455,39,23
561,1,0.15595495700836182,15,37
562,0,0.15774595737457275,34,22
563,1,0.12627196311950684,20,36
564,0,0.14289510250091553,35,23
565,0,0.16434991359710693,38,25
566,1,0.16071093082427979,21,35
567,0,0.15118300914764404,35,21
568,0,0.16103005409240723,36,34
569,1,0.19563794136047363,26,38
570,0,0.16289401054382324,35,21
571,0,0.16896593570709229,38,26
572,0,0.1441420316696167,37,20
573,1,0.1732250452041626,24,36
574,0,0.1207129955291748,35,21
575,0,0.13047099113464355,35,35
576,0,0.15436601638793945,35,21
577,1,0.14939796924591064,24,36
578,1,0.15081405639648438,24,36
579,1,0.1501249074935913,24,36
580,1,0.15202593803405762,22,38
581,0,0.1488499641418457,38,18
582,1,0.1408630609512329,20,39
583,0,0.169050931930542,38,22
584,0,0.13330698013305664,38,26
585,0,0.1563570499420166,35,21
586,0,0.16119003295898438,36,34
587,1,0.15014004707336426,23,37
588,1,0.14117300510406494,23,36
589,0,0.1302880048751831,37,23
590,0,0.1461319923400879,40,23
591,0,0.1646479368209839,39,24
592,0,0.15567493438720703,38,22
593,1,0.19165098667144775,26,41
594,1,0.15622198581695557,24,36
595,1,0.14359009265899658,23,35
596,0,0.141448974609375,35,17
597,1,0.184952974319458,21,39
598,0,0.1763819456100464,37,27
599,0,0.14412295818328857,35,23
600,0,0.16303002834320068,38,22
601,0,0.15971601009368896,38,18
602,0,0.18481290340423584,38,26
603,1,0.1553349494934082,24,36
604,0,0.15599095821380615,37,26
605,0,0.13953495025634766,34,22
606,0,0.1605290174484253,36,24
607,1,0.15258800983428955,21,35
608,0,0.1605219841003418,36,16
609,0,0.1471710205078125,40,22
610,0,0.12240409851074219,34,22
611,0,0.1466538906097412,36,26
612,1,0.1633739471435547,24,36
613,1,0.13278710842132568,19,37
614,0,0.17673301696777344,35,17
615,1,0.18104195594787598,23,37
616,1,0.1633930206298828,24,36
617,0,0.19356608390808105,38,25
618,0,0.15380001068115234,37,23
619,1,0.19010508060455322,23,40
620,0,0.16118395328521729,37,23
621,0,0.159324049949646,34,22
622,1,0.1669830083847046,22,38
623,0,0.1672910451889038,38,22
624,1,0.13919401168823242,19,37
625,1,0.1318589448928833,35,39
626,0,0.16854894161224365,38,22
627,0,0.1678299903869629,38,26
628,0,0.1770780086517334,38,25
629,0,0.15786802768707275,38,22
630,0,0.1478879451751709,35,13
631,1,0.17493796348571777,27,36
632,1,0.15306103229522705,24,36
633,1,0.18313097953796387,22,38
634,0,0.1639500856399536,35,35
635,0,0.16008305549621582,38,22
636,1,0.1502629518508911,24,39
637,1,0.14955604076385498,20,36
638,0,0.15706098079681396,36,20
639,0,0.18488800525665283,36,24
640,1,0.17666006088256836,18,38
641,1,0.1787569522857666,26,38
642,1,0.15438508987426758,24,36
643,1,0.1457369327545166,24,37
644,1,0.14814293384552002,21,35
645,1,0.18263590335845947,38,39
646,0,0.15511608123779297,35,35
647,1,0.16003799438476562,22,38
648,1,0.14387202262878418,17,35
649,1,0.15635693073272705,21,35
650,0,0.15811598300933838,37,19
651,0,0.15796709060668945,37,23
652,0,0.16688096523284912,36,24
653,0,0.15105199813842773,35,21
654,0,0.14768600463867188,38,21
655,1,0.16464710235595703,24,36
656,1,0.13443303108215332,20,36
657,1,0.18183588981628418,24,39
658,0,0.1404860019683838,35,17
659,1,0.1593940258026123,26,38
660,0,0.14207994937896729,35,21
661,1,0.1778010129928589,24,36
662,0,0.16310203075408936,38,22
663,1,0.14607000350952148,21,35
664,1,0.17020106315612793,21,35
665,0,0.12770700454711914,35,19
666,0,0.15626299381256104,35,17
667,0,0.1598299741744995,35,25
668,1,0.1562720537185669,24,36
669,1,0.14241695404052734,21,35
670,0,0.1902979612350464,39,38
671,0,0.1799710988998413,35,21
672,0,0.1646280288696289,36,20
673,1,0.13649094104766846,26,35
674,0,0.1355360746383667,38,26
675,1,0.20744705200195312,23,40
676,0,0.15387701988220215,40,23
677,1,0.16101300716400146,26,38
678,0,0.15601694583892822,38,22
679,0,0.10986101627349854,37,15
680,0,0.10775399208068848,38,19
681,1,0.14998698234558105,26,38
682,0,0.16961300373077393,36,24
683,0,0.16020405292510986,35,21
684,0,0.15397799015045166,35,23
685,1,0.16470491886138916,16,36
686,0,0.21539998054504395,36,24
687,1,0.15251600742340088,17,35
688,1,0.14549291133880615,20,36
689,0,0.149757981300354,36,24
690,0,0.17477893829345703,37,23
691,0,0.17331993579864502,35,35
692,0,0.18292605876922607,36,24
693,1,0.1940230131149292,23,37
694,0,0.16951489448547363,35,21
695,0,0.16226398944854736,35,21
696,1,0.15674805641174316,21,35
697,1,0.17654407024383545,24,36
698,0,0.17971301078796387,38,26
699,1,0.16118204593658447,22,36
700,1,0.144273042678833,21,35
701,1,0.17840898036956787,20,36
702,0,0.21563899517059326,38,26
703,1,0.1293480396270752,21,35
704,0,0.1735849380493164,36,24
705,0,0.1669560670852661,36,24
706,1,0.196679949760437,20,38
707,1,0.1952800750732422,21,37
708,0,0.19325709342956543,38,26
709,1,0.19137394428253174,24,36
710,0,0.14378893375396729,35,23
711,0,0.13387906551361084,36,22
712,0,0.1727389097213745,35,21
713,1,0.1633840799331665,19,37
714,0,0.1670609712600708,36,24
715,0,0.1675570011138916,36,24
716,0,0.14517807960510254,36,16
717,0,0.15073096752166748,35,17
718,0,0.15584206581115723,35,21
719,0,0.16237807273864746,37,23
720,0,0.16876304149627686,38,22
721,1,0.18855798244476318,26,38
722,1,0.17393898963928223,23,37
723,0,0.1557389497756958,37,25
724,0,0.17556095123291016,37,27
725,0,0.17788898944854736,39,24
726,1,0.1392810344696045,23,37
727,1,0.15664398670196533,23,37
728,0,0.1759939193725586,39,38
729,1,0.15434503555297852,23,35
730,0,0.166795015335083,35,21
731,1,0.13083195686340332,20,36
732,1,0.14830195903778076,23,35
733,1,0.159837007522583,24,36
734,0,0.1958770751953125,38,26
735,0,0.1752779483795166,38,22
736,0,0.15496397018432617,35,35
737,1,0.1724410057067871,20,36
738,0,0.20198297500610352,41,26
739,0,0.16524600982666016,35,21
740,0,0.15149307250976562,37,23
741,1,0.16307103633880615,27,37
742,1,0.1742720603942871,23,37
743,0,0.15846800804138184,35,21
744,1,0.14718997478485107,23,36
745,1,0.17472410202026367,22,38
746,0,0.15824496746063232,36,24
747,0,0.15894997119903564,37,23
748,1,0.1467909812927246,21,35
749,0,0.15383493900299072,35,21
750,0,0.1559540033340454,35,21
751,1,0.1551210880279541,23,42
752,1,0.14781606197357178,24,36
753,0,0.1493549346923828,36,20
754,1,0.18992698192596436,23,37
755,0,0.16256999969482422,38,22
756,0,0.14757490158081055,38,22
757,1,0.14857208728790283,15,37
758,1,0.1559230089187622,24,36
759,1,0.16425204277038574,26,38
760,1,0.15091395378112793,20,36
761,1,0.16313910484313965,23,35
762,1,0.16328799724578857,20,36
763,0,0.1324399709701538,35,21
764,0,0.14911794662475586,38,22
765,0,0.16099095344543457,36,24
766,1,0.16210103034973145,19,37
767,0,0.16607606410980225,36,24
768,1,0.15967798233032227,22,36
769,1,0.16084802150726318,21,37
770,0,0.147413969039917,36,24
771,0,0.1806349754333496,36,24
772,1,0.1585829257965088,21,35
773,0,0.17639505863189697,37,19
774,1,0.18247604370117188,23,37
775,1,0.15127193927764893,24,36
776,1,0.17664992809295654,38,39
777,0,0.1427069902420044,36,20
778,1,0.15800297260284424,24,36
779,0,0.17454802989959717,37,23
780,0,0.14140105247497559,36,22
781,0,0.16030704975128174,35,21
782,0,0.17543506622314453,38,26
783,0,0.15929293632507324,36,22
784,0,0.16538095474243164,36,24
785,0,0.1465439796447754,38,22
786,1,0.1407400369644165,21,35
787,0,0.1436699628829956,35,21
788,1,0.1806429624557495,23,37
789,0,0.147894024848938,35,21
790,0,0.16981208324432373,37,23
791,0,0.1576991081237793,36,20
792,1,0.17113304138183594,21,35
793,1,0.15663492679595947,22,38
794,1,0.14545702934265137,26,35
795,0,0.15659105777740479,35,21
796,1,0.15952801704406738,20,36
797,1,0.14899206161499023,18,37
798,0,0.14443492889404297,36,22
799,0,0.1484440565109253,37,23
800,0,0.12514901161193848,37,26
801,0,0.1215740442276001,36,24
802,0,0.14428210258483887,35,35
803,1,0.14035606384277344,21,35
804,0,0.17538809776306152,40,26
805,0,0.161857008934021,34,22
806,1,0.16267597675323486,22,38
807,0,0.14813709259033203,38,22
808,0,0.14424502849578857,38,24
809,1,0.18739891052246094,26,38
810,1,0.16312098503112793,38,39
811,1,0.20982205867767334,24,36
812,1,0.13575303554534912,20,36
813,0,0.17910003662109375,37,27
814,1,0.23197698593139648,29,41
815,1,0.17709898948669434,22,38
816,1,0.1503310203552246,24,36
817,1,0.1428459882736206,16,36
818,0,0.16606199741363525,39,25
819,0,0.14368605613708496,35,35
820,1,0.1934659481048584,24,36
821,0,0.13519704341888428,36,20
822,1,0.17366504669189453,23,37
823,0,0.16777408123016357,37,23
824,0,0.13296294212341309,34,22
825,1,0.1386420726776123,20,36
826,1,0.16533398628234863,18,38
827,1,0.1490769386291504,24,36
828,0,0.15777993202209473,35,21
829,1,0.16154897212982178,21,35
830,0,0.19693708419799805,39,24
831,0,0.1702059507369995,36,24
832,0,0.17691195011138916,40,27
833,0,0.1487259864807129,36,20
834,0,0.16247403621673584,36,24
835,0,0.1568589210510254,35,21
836,0,0.16523706912994385,38,22
837,0,0.13959801197052002,35,35
838,1,0.15825295448303223,24,36
839,0,0.1450589895248413,36,24
840,1,0.17550301551818848,26,38
841,0,0.15132904052734375,38,25
842,1,0.16811394691467285,23,37
843,0,0.1695270538330078,37,23
844,0,0.16467499732971191,38,18
845,1,0.18332898616790771,27,38
846,1,0.14532899856567383,22,34
847,1,0.16715502738952637,26,38
848,0,0.16596901416778564,37,23
849,1,0.1512969732284546,21,35
850,0,0.16640794277191162,37,23
851,1,0.14490890502929688,24,36
852,1,0.17426204681396484,25,35
853,1,0.1468360424041748,18,37
854,1,0.12688398361206055,19,39
855,0,0.16269707679748535,37,23
856,1,0.15830302238464355,23,37
857,0,0.14263296127319336,35,17
858,1,0.1963130235671997,38,39
859,0,0.16459202766418457,36,34
860,1,0.13989996910095215,23,37
861,0,0.1525360345840454,37,22
862,0,0.18919408321380615,35,35
863,0,0.1888120174407959,37,23
864,1,0.14782094955444336,24,38
865,0,0.1575169563293457,37,23
866,0,0.15849709510803223,41,22
867,0,0.18169593811035156,39,25
868,1,0.14932405948638916,18,38
869,1,0.14679694175720215,24,36
870,0,0.18939995765686035,37,22
871,0,0.19335699081420898,37,19
872,1,0.18883705139160156,38,39
873,0,0.16917800903320312,38,24
874,1,0.15604305267333984,18,39
875,0,0.18139708042144775,35,21
876,1,0.15430498123168945,21,35
877,0,0.1422480344772339,36,18
878,0,0.17492008209228516,37,23
879,1,0.13909399509429932,24,36
880,1,0.145827054977417,20,36
881,0,0.1490020751953125,38,25
882,1,0.15790700912475586,23,37
883,0,0.1618889570236206,37,23
884,0,0.13137602806091309,35,21
885,0,0.1615849733352661,36,22
886,0,0.1585679054260254,35,21
887,0,0.14220798015594482,35,24
888,0,0.19158494472503662,39,38
889,1,0.17422306537628174,34,36
890,1,0.14492201805114746,18,37
891,0,0.1614549160003662,35,21
892,1,0.13640308380126953,21,35
893,1,0.17555904388427734,25,38
894,1,0.1740959882736206,21,38
895,0,0.1813669204711914,38,26
896,0,0.13190805912017822,35,24
897,1,0.11608898639678955,18,34
898,0,0.12535500526428223,38,20
899,0,0.13264000415802002,37,23
900,1,0.12041699886322021,21,35
901,1,0.1185159683227539,17,35
902,1,0.12230896949768066,18,34
903,0,0.15108001232147217,36,20
904,0,0.15824902057647705,38,26
905,0,0.11877310276031494,35,21
906,0,0.13035094738006592,35,25
907,1,0.13392090797424316,20,36
908,0,0.14242708683013916,35,24
909,1,0.13134503364562988,34,36
910,0,0.20679593086242676,36,20
911,1,0.19194602966308594,21,42
912,0,0.16423392295837402,37,23
913,0,0.15574204921722412,38,22
914,1,0.14558494091033936,24,36
915,0,0.15859007835388184,36,34
916,0,0.1700199842453003,38,24
917,0,0.1814570426940918,37,23
918,1,0.16319406032562256,22,38
919,0,0.18295395374298096,39,38
920,1,0.16058003902435303,23,37
921,1,0.16648900508880615,26,37
922,1,0.13377201557159424,19,37
923,0,0.1522289514541626,35,21
924,0,0.18215596675872803,37,23
925,0,0.14292800426483154,35,21
926,0,0.16279196739196777,35,21
927,1,0.14427399635314941,20,36
928,1,0.15906798839569092,24,36
929,0,0.1454099416732788,35,21
930,0,0.15871703624725342,35,35
931,0,0.1503920555114746,35,35
932,1,0.16167795658111572,25,37
933,1,0.14587795734405518,23,37
934,0,0.17825496196746826,38,22
935,1,0.17860090732574463,24,36
936,1,0.15471899509429932,20,36
937,0,0.17830395698547363,35,21
938,1,0.21482396125793457,38,39
939,0,0.13939893245697021,35,21
940,0,0.16944599151611328,37,25
941,0,0.1461930274963379,35,35
942,0,0.15392804145812988,35,21
943,1,0.17342698574066162,26,38
944,0,0.1427839994430542,39,38
945,1,0.15886390209197998,24,38
946,1,0.1637589931488037,22,34
947,0,0.11802399158477783,35,20
948,1,0.14907300472259521,17,35
949,0,0.16225802898406982,35,35
950,0,0.16148698329925537,37,19
951,0,0.17219793796539307,37,19
952,0,0.15454304218292236,36,23
953,0,0.18066000938415527,38,26
954,1,0.1407099962234497,23,39
955,0,0.1389559507369995,35,21
956,0,0.12456405162811279,37,17
957,1,0.16266703605651855,24,36
958,0,0.1618800163269043,36,24
959,1,0.15906202793121338,26,38
960,1,0.1823970079421997,20,36
961,1,0.16112101078033447,19,40
962,1,0.1755509376525879,20,36
963,1,0.13551795482635498,17,35
964,1,0.13898694515228271,22,37
965,0,0.16453099250793457,37,19
966,0,0.14767301082611084,36,20
967,0,0.16303300857543945,37,23
968,0,0.15362298488616943,38,22
969,1,0.1428840160369873,18,34
970,1,0.15712594985961914,23,37
971,0,0.1797729730606079,38,38
972,0,0.13520991802215576,36,22
973,0,0.16498005390167236,37,19
974,0,0.20213496685028076,38,26
975,1,0.17173004150390625,22,38
976,0,0.10670101642608643,35,23
977,0,0.1326669454574585,39,19
978,0,0.12474298477172852,35,21
979,0,0.1331789493560791,38,21
980,1,0.12954699993133545,21,35
981,1,0.12041902542114258,24,36
982,0,0.14485108852386475,38,26
983,0,0.15936195850372314,39,38
984,0,0.1423020362854004,36,24
985,0,0.1446300745010376,35,35
986,1,0.12589001655578613,23,36
987,1,0.16204798221588135,26,38
988,1,0.13350403308868408,22,34
989,0,0.1409759521484375,35,21
990,1,0.1627190113067627,26,38
991,0,0.14716696739196777,38,18
992,1,0.15748798847198486,22,38
993,1,0.1425189971923828,22,38
994,1,0.13919103145599365,15,35
995,1,0.1584310531616211,24,39
996,0,0.16023600101470947,35,21
997,1,0.18421804904937744,23,37
998,0,0.10897696018218994,35,35
999,1,0.12759697437286377,20,36
1000,0,0.1844799518585205,39,21
1001,1,0.17324793338775635,24,36
1002,1,0.14338195323944092,18,37
1003,0,0.16560900211334229,35,21
1004,0,0.149696946144104,35,23
1005,0,0.14229488372802734,35,21
1006,0,0.1701829433441162,37,19
1007,1,0.17711997032165527,23,37
1008,0,0.15790200233459473,35,21
1009,0,0.17684698104858398,38,18
1010,0,0.1343139410018921,35,19
1011,0,0.1504000425338745,36,18
1012,1,0.16087102890014648,22,38
1013,0,0.13129901885986328,38,26
1014,1,0.11743009090423584,24,36
1015,1,0.11868607997894287,24,38
1016,0,0.24241900444030762,36,16
1017,0,0.2849839925765991,37,23
1018,0,0.21314597129821777,37,23
1019,1,0.1903749704360962,23,37
1020,1,0.1403670310974121,24,36
1021,0,0.20115399360656738,37,23
1022,1,0.154229998588562,21,35
1023,1,0.1521550416946411,20,36
1024,0,0.16522693634033203,35,21
1025,1,0.21904611587524414,22,38
1026,0,0.16380107402801514,38,24
1027,0,0.1764470338821411,35,35
1028,0,0.1473919153213501,35,17
1029,0,0.1617199182510376,36,20
1030,1,0.1808490753173828,24,36
1031,1,0.18909096717834473,26,38
1032,1,0.15359199047088623,24,36
1033,1,0.17247700691223145,21,37
1034,0,0.1832289695739746,37,26
1035,0,0.14491605758666992,35,21
1036,0,0.15099799633026123,37,19
1037,1,0.16441893577575684,24,36
1038,0,0.16383492946624756,36,24
1039,0,0.1464400291442871,35,21
1040,1,0.1636749505996704,23,36
1041,0,0.12189900875091553,36,22
1042,0,0.16656899452209473,35,21
1043,0,0.16863906383514404,38,26
1044,1,0.13518202304840088,22,38
1045,0,0.19960200786590576,35,21
1046,0,0.18701207637786865,36,23
1047,1,0.16210293769836426,25,40
1048,0,0.13250088691711426,35,19
1049,0,0.18795299530029297,36,24
1050,1,0.13823997974395752,16,36
1051,1,0.16932499408721924,24,36
1052,1,0.13245999813079834,25,34
1053,0,0.15748703479766846,36,24
1054,0,0.14516806602478027,35,21
1055,0,0.15619003772735596,35,21
1056,1,0.17144298553466797,24,36
1057,1,0.19619309902191162,23,40
1058,0,0.1806340217590332,36,24
1059,0,0.14088809490203857,37,23
1060,1,0.1402970552444458,14,38
1061,1,0.1754469871520996,38,39
1062,0,0.1892310380935669,37,23
1063,0,0.14962303638458252,36,34
1064,1,0.15053701400756836,24,36
1065,1,0.15555799007415771,23,37
1066,1,0.18029999732971191,24,36
1067,1,0.1717360019683838,22,37
1068,0,0.20000195503234863,39,39
1069,1,0.18075799942016602,24,38
1070,1,0.15241897106170654,19,37
1071,1,0.16779601573944092,24,36
1072,0,0.17591392993927002,36,24
1073,1,0.16700196266174316,22,38
1074,0,0.14393901824951172,36,24
1075,1,0.17348003387451172,26,38
1076,1,0.15898001194000244,22,34
1077,0,0.1625739336013794,37,19
1078,0,0.18203794956207275,36,27
1079,0,0.16212201118469238,35,21
1080,1,0.16319894790649414,24,36
1081,0,0.14649605751037598,36,24
1082,1,0.13095104694366455,13,35
1083,1,0.18515098094940186,26,38
1084,1,0.14355599880218506,23,36
1085,1,0.14460599422454834,17,35
1086,0,0.14016997814178467,35,21
1087,1,0.16377902030944824,23,37
1088,1,0.15471303462982178,20,36
1089,0,0.16541600227355957,35,35
1090,1,0.1454780101776123,21,35
1091,1,0.17138195037841797,22,38
1092,1,0.1971879005432129,27,36
1093,1,0.15107691287994385,22,38
1094,1,0.14529800415039062,24,36
1095,0,0.15929794311523438,37,19
1096,0,0.21683406829833984,37,23
1097,0,0.14516901969909668,35,17
1098,1,0.1986379623413086,21,35
1099,1,0.19406604766845703,26,38
1100,1,0.18087100982666016,24,38
1101,0,0.1705089807510376,36,24
1102,0,0.1723020076751709,35,35
1103,1,0.16384100914001465,22,38
1104,0,0.16039109230041504,35,21
1105,0,0.1803039312362671,36,24
1106,0,0.1937260627746582,35,21
1107,1,0.1571810245513916,22,37
1108,1,0.182420015335083,19,37
1109,1,0.18265604972839355,23,37
1110,1,0.15094101428985596,21,35
1111,1,0.16778898239135742,20,36
1112,0,0.1649188995361328,35,21
1113,0,0.1830899715423584,38,22
1114,0,0.18766796588897705,37,27
1115,1,0.18981504440307617,24,36
1116,1,0.2042710781097412,23,37
1117,0,0.18363606929779053,37,23
1118,1,0.14860105514526367,23,37
1119,1,0.17079591751098633,24,36
1120,0,0.1469639539718628,37,21
1121,0,0.19603097438812256,38,25
1122,1,0.1859530210494995,26,38
1123,1,0.1613759994506836,20,36
1124,1,0.18023300170898438,26,38
1125,0,0.1731860637664795,38,22
1126,1,0.16264796257019043,23,37
1127,0,0.1621849536895752,36,26
1128,0,0.21883606910705566,38,22
1129,1,0.1559239625930786,22,38
1130,1,0.1654520034790039,23,37
1131,0,0.13989198207855225,34,22
1132,0,0.14448797702789307,38,20
1133,1,0.17377698421478271,24,36
1134,1,0.14639198780059814,23,35
1135,1,0.19540798664093018,38,39
1136,0,0.2035759687423706,39,24
1137,0,0.16680192947387695,37,23
1138,1,0.15896904468536377,25,34
1139,0,0.17405807971954346,35,24
1140,0,0.16175401210784912,35,21
1141,0,0.1697549819946289,35,35
1142,0,0.19415199756622314,36,24
1143,0,0.2388819456100464,38,26
1144,0,0.1911989450454712,35,21
1145,0,0.15441906452178955,36,20
1146,0,0.13943696022033691,37,19
1147,0,0.14470195770263672,35,21
1148,0,0.21285700798034668,37,22
1149,1,0.15231406688690186,25,37
1150,0,0.20649194717407227,35,35
1151,0,0.14535892009735107,36,20
1152,0,0.13432908058166504,35,21
1153,1,0.1866309642791748,21,35
1154,0,0.19871294498443604,37,27
1155,0,0.18633198738098145,38,22
1156,1,0.1645439863204956,26,41
1157,1,0.14568805694580078,24,36
1158,0,0.14632809162139893,37,23
1159,0,0.14460492134094238,36,24
1160,0,0.10426795482635498,35,17
1161,0,0.13971197605133057,36,24
1162,0,0.1164330244064331,34,22
1163,1,0.12859892845153809,24,41
1164,1,0.1626110076904297,26,41
1165,0,0.12924695014953613,35,24
1166,0,0.1326310634613037,37,23
1167,0,0.14541101455688477,37,23
1168,0,0.1528700590133667,36,19
1169,0,0.15634000301361084,39,20
1170,1,0.1807880401611328,38,39
1171,1,0.16652798652648926,24,36
1172,1,0.15347492694854736,21,35
1173,1,0.13958799839019775,21,38
1174,0,0.18545711040496826,37,23
1175,1,0.1853799819946289,23,37
1176,1,0.1504979133605957,19,38
1177,0,0.15260791778564453,36,23
1178,0,0.18088197708129883,37,23
1179,0,0.19986402988433838,38,22
1180,1,0.1995640993118286,24,38
1181,0,0.15379798412322998,38,22
1182,1,0.19170701503753662,24,36
1183,0,0.171644926071167,37,23
1184,0,0.1389220952987671,36,20
1185,0,0.1348940134048462,36,18
1186,0,0.15946102142333984,38,21
1187,0,0.14310204982757568,37,26
1188,0,0.15511703491210938,36,20
1189,0,0.13818907737731934,35,24
1190,1,0.16630494594573975,23,39
1191,0,0.14942002296447754,38,18
1192,0,0.18578100204467773,37,23
1193,0,0.13266098499298096,36,18
1194,0,0.1394510269165039,37,23
1195,1,0.1714470386505127,21,35
1196,1,0.13872504234313965,22,34
1197,1,0.14682793617248535,22,34
1198,0,0.1810389757156372,37,23
1199,1,0.13411104679107666,21,36
1200,0,0.14917492866516113,35,23
1201,1,0.14601194858551025,23,37
1202,1,0.1677950620651245,21,35
1203,1,0.1534489393234253,23,37
1204,1,0.14637506008148193,24,36
1205,0,0.1280900239944458,35,21
1206,0,0.1679089069366455,35,23
1207,1,0.1846529245376587,24,39
1208,0,0.1554189920425415,37,27
1209,0,0.13510990142822266,36,22
1210,0,0.1568739414215088,40,23
1211,1,0.15871107578277588,22,38
1212,0,0.16191697120666504,39,38
1213,0,0.17391502857208252,37,17
1214,1,0.14352893829345703,19,37
1215,0,0.12852299213409424,37,23
1216,0,0.20944607257843018,38,21
1217,0,0.14789903163909912,36,22
1218,0,0.17883896827697754,38,26
1219,1,0.17963004112243652,27,40
1220,0,0.1835249662399292,37,23
1221,0,0.17328298091888428,38,22
1222,1,0.19841992855072021,24,36
1223,0,0.16218602657318115,37,23
1224,1,0.15160000324249268,37,40
1225,1,0.21772003173828125,21,35
1226,0,0.16574203968048096,38,25
1227,1,0.1593400239944458,26,38
1228,0,0.19590699672698975,35,35
1229,1,0.17527592182159424,24,36
1230,0,0.1519010066986084,35,21
1231,0,0.15983104705810547,35,35
1232,0,0.19079899787902832,38,22
1233,0,0.15644001960754395,40,23
1234,1,0.11511099338531494,15,37
1235,0,0.12988507747650146,35,35
1236,1,0.1214979887008667,24,36
1237,0,0.1650599241256714,36,24
1238,0,0.16455793380737305,35,21
1239,1,0.13187003135681152,20,36
1240,0,0.1643810272216797,35,19
1241,0,0.1254791021347046,36,18
1242,0,0.15838205814361572,35,21
1243,0,0.19130492210388184,36,24
1244,1,0.17095792293548584,37,38
1245,0,0.15617799758911133,37,23
1246,1,0.1222609281539917,19,35
1247,1,0.14951705932617188,22,38
1248,0,0.14827799797058105,39,25
1249,1,0.16047298908233643,19,37
1250,0,0.15661394596099854,38,22
1251,1,0.12758398056030273,17,35
1252,0,0.18471300601959229,36,24
1253,1,0.16864299774169922,25,37
1254,0,0.14632999897003174,36,20
1255,0,0.13315200805664062,35,17
1256,1,0.1710069179534912,23,40
1257,0,0.1893550157546997,37,27
1258,1,0.1518470048904419,20,36
1259,1,0.16067802906036377,26,38
1260,1,0.18375802040100098,26,41
1261,1,0.14820802211761475,18,36
1262,0,0.17522203922271729,35,23
1263,0,0.16773605346679688,38,25
1264,1,0.15402007102966309,20,36
1265,0,0.13584601879119873,37,17
1266,1,0.14337396621704102,34,36
1267,1,0.16894805431365967,23,37
1268,1,0.15928101539611816,23,37
1269,1,0.16003990173339844,23,37
1270,1,0.15313100814819336,34,36
1271,0,0.1839810609817505,38,22
1272,1,0.13521993160247803,20,36
1273,1,0.15395796298980713,26,38
1274,0,0.1398829221725464,37,22
1275,0,0.13853001594543457,37,23
1276,0,0.13423895835876465,35,35
1277,0,0.12900102138519287,35,21
1278,1,0.14593005180358887,26,38
1279,1,0.14398598670959473,27,37
1280,1,0.11938202381134033,19,37
1281,1,0.1311250925064087,22,38
1282,0,0.13702106475830078,37,19
1283,1,0.13108301162719727,26,38
1284,0,0.11790001392364502,36,20
1285,0,0.11304700374603271,37,18
1286,1,0.13614201545715332,21,35
1287,0,0.1485370397567749,35,17
1288,1,0.15394699573516846,21,35
1289,0,0.12670302391052246,35,17
1290,1,0.13495099544525146,16,36
1291,1,0.14623403549194336,24,36
1292,0,0.19207406044006348,37,22
1293,1,0.15134501457214355,23,37
1294,0,0.12178707122802734,36,22
1295,0,0.15731191635131836,38,22
1296,0,0.15578293800354004,38,18
1297,0,0.16511106491088867,36,24
1298,0,0.14874398708343506,36,20
1299,1,0.135686993598938,34,36
1300,0,0.14004802703857422,36,16
1301,1,0.1316540241241455,23,37
1302,0,0.11594700813293457,35,21
1303,0,0.12296104431152344,36,24
1304,0,0.12657010555267334,38,22
1305,1,0.11535704135894775,21,35
1306,1,0.11263298988342285,22,36
1307,0,0.1518329381942749,38,26
1308,0,0.130823016166687,35,24
1309,0,0.12286698818206787,36,20
1310,1,0.14810395240783691,23,37
1311,0,0.13661396503448486,35,21
1312,0,0.13583707809448242,39,25
1313,1,0.19605505466461182,26,38
1314,0,0.2005070447921753,36,24
1315,1,0.16716396808624268,23,37
1316,1,0.16126906871795654,21,39
1317,0,0.11987197399139404,37,21
1318,0,0.10117697715759277,34,18
1319,1,0.14959704875946045,25,38
1320,0,0.10160398483276367,36,16
1321,1,0.12553894519805908,21,37
1322,1,0.13547801971435547,21,35
1323,1,0.11695003509521484,17,35
1324,0,0.12525594234466553,37,23
1325,1,0.14526009559631348,21,35
1326,0,0.11314702033996582,37,22
1327,0,0.11324894428253174,35,19
1328,0,0.1394050121307373,38,26
1329,0,0.11377596855163574,36,18
1330,1,0.12394499778747559,21,35
1331,0,0.13007104396820068,34,22
1332,0,0.1275399923324585,35,21
1333,1,0.11668503284454346,18,37
1334,1,0.12360703945159912,24,38
1335,0,0.12406492233276367,37,19
1336,0,0.14491593837738037,39,19
1337,0,0.16763901710510254,38,26
1338,1,0.13770103454589844,21,35
1339,1,0.16325891017913818,23,37
1340,1,0.1432349681854248,24,36
1341,0,0.11443507671356201,38,22
1342,1,0.12093698978424072,18,36
1343,0,0.11883199214935303,35,17
1344,0,0.15207195281982422,39,38
1345,0,0.1552189588546753,36,16
1346,1,0.13571488857269287,23,35
1347,0,0.12139201164245605,36,24
1348,0,0.16553902626037598,37,23
1349,0,0.17598199844360352,38,26
1350,1,0.1206519603729248,20,38
1351,0,0.1371469497680664,36,20
1352,0,0.1299840211868286,38,26
1353,1,0.1293889284133911,22,37
1354,0,0.11292099952697754,35,21
1355,0,0.1269320249557495,35,25
1356,1,0.1326690912246704,22,36
1357,0,0.16880297660827637,39,24
1358,1,0.1705089807510376,24,36
1359,1,0.14616894721984863,23,37
1360,0,0.1424109935760498,36,20
1361,1,0.1290879249572754,22,34
1362,0,0.12267196178436279,37,23
1363,0,0.10692298412322998,35,17
1364,0,0.11666202545166016,35,21
1365,0,0.1367710828781128,35,21
1366,1,0.13276803493499756,17,35
1367,0,0.15154504776000977,35,21
1368,1,0.11915802955627441,22,34
1369,1,0.12190306186676025,21,37
1370,0,0.16290903091430664,38,26
1371,0,0.14317893981933594,36,24
1372,0,0.13525402545928955,35,35
1373,0,0.13545000553131104,37,23
1374,0,0.1598910093307495,37,23
1375,0,0.14243602752685547,36,23
1376,1,0.1476060152053833,19,37
1377,0,0.15349698066711426,37,19
1378,0,0.1742769479751587,38,21
1379,0,0.13033998012542725,38,25
1380,1,0.12569904327392578,23,35
1381,0,0.14222002029418945,37,27
1382,1,0.13728392124176025,20,36
1383,0,0.14455699920654297,38,22
1384,0,0.13211596012115479,35,35
1385,1,0.20935893058776855,23,37
1386,1,0.15129303932189941,21,35
1387,1,0.13714396953582764,22,38
1388,0,0.12689900398254395,37,22
1389,0,0.1269080638885498,37,23
1390,0,0.13059794902801514,37,23
1391,0,0.14025592803955078,41,26
1392,1,0.13126909732818604,22,38
1393,1,0.13388299942016602,23,37
1394,0,0.13254499435424805,37,23
1395,0,0.12490701675415039,36,24
1396,0,0.12919998168945312,37,23
1397,0,0.13626492023468018,36,24
1398,0,0.1487499475479126,35,35
1399,0,0.10572099685668945,35,23
1400,0,0.1547759771347046,37,27
1401,0,0.10869908332824707,35,17
1402,0,0.13386797904968262,37,23
1403,1,0.13000905513763428,23,35
1404,0,0.13857805728912354,38,22
1405,0,0.13433897495269775,35,35
1406,0,0.12151491641998291,35,21
1407,0,0.11778199672698975,35,21
1408,0,0.13556206226348877,36,24
1409,1,0.130126953125,22,38
1410,1,0.15001308917999268,22,38
1411,1,0.11041998863220215,22,36
1412,1,0.10234308242797852,22,36
1413,0,0.12509799003601074,38,24
1414,1,0.14027893543243408,23,37
1415,0,0.14048492908477783,35,35
1416,0,0.13535892963409424,36,24
1417,0,0.12194406986236572,38,24
1418,1,0.12474000453948975,22,38
1419,1,0.12872600555419922,21,35
1420,1,0.14701390266418457,25,39
1421,0,0.13689804077148438,36,23
1422,0,0.13334810733795166,38,38
1423,0,0.12431395053863525,37,25
1424,1,0.1480780839920044,27,37
1425,0,0.10866498947143555,35,17
1426,0,0.13858389854431152,35,35
1427,0,0.13281691074371338,35,35
1428,0,0.12402701377868652,35,21
1429,1,0.1413249969482422,22,37
1430,1,0.13144898414611816,26,38
1431,1,0.10767900943756104,19,39
1432,0,0.15167295932769775,36,24
1433,1,0.15090703964233398,20,38
1434,0,0.13844895362854004,35,17
1435,1,0.13588905334472656,18,37
1436,0,0.2148829698562622,37,22
1437,0,0.15360403060913086,41,21
1438,1,0.17378199100494385,26,38
1439,0,0.15947699546813965,40,23
1440,1,0.1642850637435913,21,35
1441,1,0.14716196060180664,23,37
1442,0,0.1129540205001831,36,18
1443,1,0.2266550064086914,34,36
1444,0,0.1657179594039917,37,15
1445,0,0.1327040195465088,37,23
1446,0,0.18453001976013184,37,19
1447,0,0.18255901336669922,38,18
1448,1,0.1743220090866089,23,37
1449,0,0.15950095653533936,35,35
1450,1,0.1366649866104126,21,37
1451,0,0.1303260326385498,37,21
1452,0,0.14402294158935547,35,26
1453,0,0.13781201839447021,36,19
1454,1,0.18025100231170654,24,39
1455,0,0.1470930576324463,38,22
1456,0,0.13222098350524902,35,21
1457,1,0.164328932762146,25,38
1458,1,0.12001597881317139,16,36
1459,1,0.1421910524368286,24,36
1460,1,0.13191592693328857,24,36
1461,0,0.12724900245666504,38,18
1462,1,0.15342497825622559,23,40
1463,1,0.10673797130584717,21,35
1464,1,0.14164304733276367,23,37
1465,0,0.12512695789337158,37,21
1466,1,0.13093900680541992,23,37
1467,1,0.13419198989868164,23,35
1468,1,0.14554095268249512,22,38
1469,0,0.12567293643951416,37,24
1470,0,0.11682701110839844,37,21
1471,1,0.13162100315093994,24,36
1472,1,0.11651194095611572,20,36
1473,0,0.12956202030181885,37,23
1474,1,0.1341719627380371,26,38
1475,0,0.13807296752929688,37,27
1476,1,0.123818039894104,24,38
1477,0,0.11321210861206055,37,24
1478,0,0.14553296566009521,35,21
1479,1,0.1397860050201416,23,37
1480,0,0.13472497463226318,36,24
1481,0,0.11781597137451172,36,22
1482,0,0.11742198467254639,35,21
1483,1,0.1381169557571411,22,38
1484,1,0.1433190107345581,27,37
1485,1,0.13769900798797607,23,37
1486,0,0.10839700698852539,36,20
1487,0,0.1449899673461914,38,26
1488,0,0.13059699535369873,38,17
1489,1,0.10329592227935791,21,35
1490,0,0.11701500415802002,36,20
1491,1,0.15206098556518555,19,40
1492,0,0.13670694828033447,36,24
1493,0,0.14092803001403809,39,39
1494,0,0.11733901500701904,35,35
1495,1,0.10840106010437012,17,35
1496,1,0.14972305297851562,23,37
1497,1,0.12717700004577637,21,35
1498,0,0.11382603645324707,37,17
1499,1,0.13702499866485596,27,37
1500,0,0.11835205554962158,35,17
1501,0,0.12299096584320068,35,21
1502,0,0.15036392211914062,36,24
1503,0,0.11792600154876709,35,21
1504,0,0.11938989162445068,35,35
1505,1,0.13743603229522705,23,36
1506,1,0.14218199253082275,25,37
1507,0,0.12356293201446533,35,23
1508,1,0.1266878843307495,24,36
1509,0,0.1146860122680664,36,16
1510,0,0.12269699573516846,37,19
1511,0,0.12828195095062256,35,17
1512,1,0.1304490566253662,22,38
1513,0,0.13869500160217285,37,23
1514,1,0.13615202903747559,26,38
1515,1,0.13391292095184326,24,36
1516,0,0.11581599712371826,35,35
1517,0,0.13267993927001953,37,23
1518,1,0.150750994682312,23,37
1519,0,0.1467289924621582,37,23
1520,0,0.13392996788024902,37,22
1521,1,0.1523970365524292,24,39
1522,0,0.13956701755523682,38,26
1523,0,0.12302803993225098,35,21
1524,1,0.14044606685638428,23,37
1525,1,0.14987492561340332,27,36
1526,1,0.1462240219116211,22,38
1527,1,0.1552499532699585,22,38
1528,1,0.13286805152893066,23,35
1529,1,0.14874696731567383,21,35
1530,0,0.16605091094970703,39,24
1531,1,0.13678300380706787,25,39
1532,1,0.13667702674865723,24,36
1533,1,0.15641307830810547,23,37
1534,1,0.13385093212127686,24,35
1535,0,0.14586496353149414,38,18
1536,0,0.14224398136138916,36,24
1537,0,0.15054702758789062,38,26
1538,0,0.14691102504730225,37,27
1539,0,0.16781103610992432,35,25
1540,1,0.1614750623703003,22,38
1541,1,0.16225790977478027,38,39
1542,0,0.14211690425872803,36,20
1543,0,0.14967989921569824,37,23
1544,0,0.14623808860778809,37,23
1545,0,0.1401679515838623,37,23
1546,0,0.13741695880889893,38,18
1547,0,0.12966692447662354,36,16
1548,1,0.11784195899963379,21,35
1549,0,0.12080907821655273,35,21
1550,0,0.14021408557891846,38,25
1551,0,0.12892305850982666,35,21
1552,0,0.1368499994277954,36,23
1553,1,0.12552499771118164,21,37
1554,0,0.13427400588989258,35,35
1555,0,0.15675699710845947,37,26
1556,0,0.16259002685546875,36,24
1557,0,0.12142205238342285,35,21
1558,1,0.1295849084854126,23,37
1559,1,0.12525498867034912,23,37
1560,0,0.14205706119537354,38,25
1561,0,0.12641608715057373,36,20
1562,0,0.13535499572753906,36,24
1563,0,0.13051307201385498,36,24
1564,0,0.11103904247283936,35,21
1565,1,0.1522049903869629,38,39
1566,0,0.1379009485244751,37,23
1567,0,0.13891899585723877,37,23
1568,1,0.11579000949859619,21,35
1569,0,0.14026308059692383,37,23
1570,1,0.13623404502868652,23,37
1571,1,0.15074992179870605,27,37
1572,0,0.1233830451965332,35,21
1573,0,0.13436996936798096,36,20
1574,0,0.12529301643371582,40,23
1575,1,0.14119195938110352,17,39
1576,0,0.1369260549545288,37,27
1577,1,0.13600194454193115,24,36
1578,0,0.12438404560089111,36,16
1579,1,0.11940300464630127,20,36
1580,0,0.11405003070831299,35,17
1581,1,0.12766194343566895,26,38
1582,0,0.13892602920532227,38,25
1583,0,0.11575007438659668,37,24
1584,0,0.1341949701309204,38,24
1585,1,0.14032196998596191,24,36
1586,0,0.1339949369430542,36,24
1587,0,0.1381700038909912,40,38
1588,1,0.14333999156951904,23,37
1589,0,0.12284195423126221,37,19
1590,0,0.12504899501800537,36,20
1591,1,0.1450740098953247,28,39
1592,0,0.11781001091003418,35,21
1593,0,0.1233210563659668,36,22
1594,1,0.1391429901123047,27,36
1595,1,0.11552894115447998,15,37
1596,0,0.1407790184020996,37,23
1597,1,0.10916590690612793,21,35
1598,1,0.14924907684326172,24,38
1599,0,0.1350550651550293,38,21
1600,1,0.10682797431945801,17,35
1601,1,0.11584210395812988,17,35
1602,0,0.13022994995117188,38,26
1603,0,0.13556599617004395,36,27
1604,1,0.1336839199066162,21,35
1605,1,0.13162899017333984,22,38
1606,0,0.12481796741485596,39,24
1607,0,0.12212193012237549,36,24
1608,0,0.1464449167251587,38,25
1609,1,0.12358808517456055,21,35
1610,0,0.14913296699523926,38,22
1611,0,0.12749993801116943,38,24
1612,1,0.12225902080535889,19,37
1613,0,0.13791298866271973,37,23
1614,0,0.1371760368347168,35,21
1615,0,0.11292290687561035,35,21
1616,0,0.11318397521972656,35,21
1617,0,0.1398310661315918,38,26
1618,1,0.12178504467010498,21,35
1619,1,0.12997102737426758,24,36
1620,1,0.13586091995239258,22,38
1621,0,0.1184380054473877,39,21
1622,0,0.12707197666168213,34,22
1623,1,0.13968396186828613,26,38
1624,0,0.11158990859985352,34,22
1625,1,0.1198040246963501,20,36
1626,0,0.12983298301696777,38,26
1627,1,0.10600697994232178,18,34
1628,1,0.13171899318695068,23,37
1629,0,0.10959506034851074,35,19
1630,1,0.13273191452026367,21,35
1631,0,0.1434539556503296,39,38
1632,1,0.14120888710021973,24,35
1633,0,0.12746906280517578,35,35
1634,0,0.13990390300750732,35,25
1635,0,0.11142492294311523,35,23
1636,1,0.13693702220916748,24,36
1637,1,0.14555895328521729,23,37
1638,0,0.1411970853805542,37,26
1639,0,0.13412904739379883,37,23
1640,0,0.1407179832458496,37,19
1641,0,0.1407790184020996,39,24
1642,0,0.1279369592666626,37,23
1643,1,0.12455999851226807,22,38
1644,0,0.12363207340240479,37,25
1645,0,0.11770594120025635,36,20
1646,1,0.15295398235321045,21,35
1647,1,0.1443009376525879,23,40
1648,0,0.1288590431213379,36,24
1649,0,0.12347793579101562,35,35
1650,0,0.12915301322937012,35,17
1651,0,0.11650002002716064,35,21
1652,0,0.1344219446182251,37,27
1653,0,0.12609899044036865,37,19
1654,0,0.141821026802063,41,26
1655,1,0.10770308971405029,14,37
1656,0,0.12761008739471436,38,25
1657,0,0.13727498054504395,38,21
1658,0,0.13548600673675537,35,35
1659,1,0.15899407863616943,23,37
1660,0,0.13651394844055176,35,35
1661,0,0.12584495544433594,37,23
1662,0,0.1238410472869873,35,21
1663,0,0.1410670280456543,36,24
1664,1,0.1626570224761963,24,36
1665,0,0.14859497547149658,38,26
1666,1,0.1232450008392334,24,36
1667,1,0.10433900356292725,20,36
1668,0,0.12260699272155762,38,21
1669,1,0.13533401489257812,22,38
1670,1,0.13332998752593994,21,35
1671,1,0.1640690565109253,23,37
1672,0,0.11638796329498291,35,19
1673,0,0.15831494331359863,39,24
1674,0,0.16075003147125244,41,26
1675,0,0.17991399765014648,37,23
1676,1,0.16734302043914795,21,35
1677,1,0.1668250560760498,37,40
1678,0,0.15137898921966553,37,19
1679,1,0.14538002014160156,24,36
1680,0,0.15098702907562256,38,22
1681,1,0.13138508796691895,19,37
1682,1,0.10304605960845947,19,37
1683,1,0.10215497016906738,17,35
1684,0,0.12519001960754395,35,23
1685,1,0.1303110122680664,24,36
1686,0,0.10797905921936035,36,20
1687,0,0.11520004272460938,36,20
1688,1,0.11938595771789551,19,37
1689,0,0.1240469217300415,35,21
1690,1,0.12336909770965576,20,36
1691,1,0.11726200580596924,23,37
1692,0,0.13866698741912842,38,38
1693,1,0.12223505973815918,21,35
1694,0,0.12417292594909668,37,23
1695,1,0.12457001209259033,24,36
1696,0,0.10604894161224365,37,19
1697,0,0.11079907417297363,35,35
1698,0,0.14146995544433594,40,27
1699,1,0.1351410150527954,24,36
1700,1,0.1214669942855835,21,35
1701,0,0.1098090410232544,36,25
1702,0,0.12550902366638184,35,35
1703,0,0.14355707168579102,41,29
1704,1,0.11401104927062988,22,38
1705,0,0.10783100128173828,35,19
1706,1,0.13806402683258057,21,35
1707,0,0.13730990886688232,38,22
1708,0,0.14039993286132812,38,26
1709,1,0.1302659511566162,21,35
1710,0,0.1296299695968628,35,21
1711,0,0.10002195835113525,35,17
1712,1,0.12042796611785889,21,35
1713,0,0.13737797737121582,36,24
1714,1,0.13084399700164795,20,38
1715,0,0.11954391002655029,35,35
1716,0,0.1447809934616089,37,27
1717,0,0.1226038932800293,34,22
1718,1,0.13264703750610352,22,38
1719,0,0.11638307571411133,35,19
1720,0,0.1284170150756836,36,24
1721,0,0.12923204898834229,38,24
1722,0,0.12591803073883057,35,21
1723,0,0.1416860818862915,36,24
1724,0,0.13335895538330078,37,23
1725,1,0.11950600147247314,22,34
1726,0,0.14780795574188232,35,35
1727,0,0.13647198677062988,36,24
1728,0,0.1385040283203125,38,22
1729,1,0.1312699317932129,24,35
1730,1,0.11737799644470215,23,37
1731,0,0.13422799110412598,38,22
1732,1,0.18000197410583496,23,37
1733,1,0.1351710557937622,24,36
1734,0,0.1879481077194214,36,24
1735,1,0.12102198600769043,19,37
1736,1,0.1759018898010254,24,36
1737,0,0.1327669620513916,37,21
1738,1,0.16848289966583252,23,37
1739,1,0.15654802322387695,23,37
1740,0,0.15820300579071045,38,22
1741,1,0.14557993412017822,24,36
1742,1,0.14393603801727295,24,38
1743,1,0.16118693351745605,23,37
1744,1,0.13991808891296387,22,38
1745,1,0.1352750062942505,22,38
1746,0,0.11357200145721436,35,21
1747,0,0.15051794052124023,39,23
1748,1,0.12119698524475098,22,37
1749,0,0.16394007205963135,36,20
1750,0,0.17581403255462646,36,27
1751,0,0.11642110347747803,33,23
1752,0,0.1607750654220581,38,22
1753,0,0.15358901023864746,37,27
1754,0,0.1488569974899292,35,35
1755,0,0.1487870216369629,36,24
1756,0,0.13544893264770508,37,24
1757,0,0.2287958860397339,36,24
1758,0,0.2326669692993164,35,35
1759,1,0.15515494346618652,26,38
1760,0,0.15271294116973877,35,35
1761,0,0.14548003673553467,36,20
1762,1,0.10394096374511719,21,35
1763,1,0.15632295608520508,24,39
1764,0,0.1305859088897705,37,23
1765,0,0.12291598320007324,36,20
1766,0,0.13276410102844238,40,23
1767,0,0.1334749460220337,34,22
1768,1,0.10014903545379639,17,35
1769,0,0.13023006916046143,36,24
1770,0,0.11132895946502686,35,21
1771,0,0.12879788875579834,38,22
1772,1,0.15020489692687988,24,38
1773,1,0.14989697933197021,23,37
1774,1,0.10837602615356445,21,35
1775,0,0.1937800645828247,36,20
1776,0,0.1602039337158203,35,21
1777,1,0.14539098739624023,21,35
1778,1,0.1253499984741211,21,35
1779,1,0.14355599880218506,22,36
1780,0,0.12194204330444336,35,35
1781,0,0.11674702167510986,37,19
1782,1,0.13076210021972656,21,35
1783,0,0.10596001148223877,36,16
1784,1,0.11626791954040527,21,35
1785,0,0.16271698474884033,40,27
1786,1,0.147009015083313,22,38
1787,1,0.14049100875854492,21,35
1788,0,0.1221010684967041,36,20
1789,0,0.14697492122650146,39,38
1790,0,0.14056599140167236,37,23
1791,1,0.14909398555755615,25,37
1792,0,0.12166202068328857,38,22
1793,0,0.11450600624084473,35,21
1794,0,0.13090002536773682,38,25
1795,0,0.141495943069458,35,35
1796,0,0.13563907146453857,39,22
1797,0,0.134476900100708,36,22
1798,0,0.16360902786254883,35,24
1799,0,0.12068808078765869,36,24
1800,1,0.12074398994445801,20,36
1801,1,0.18175995349884033,21,35
1802,0,0.15136003494262695,35,21
1803,0,0.13509798049926758,38,22
1804,0,0.1358180046081543,40,24
1805,0,0.13451504707336426,38,37
1806,1,0.1165781021118164,17,35
1807,0,0.13142502307891846,35,35
1808,0,0.14305496215820312,37,27
1809,1,0.12587594985961914,25,37
1810,0,0.11802303791046143,35,21
1811,1,0.1335279941558838,24,37
1812,0,0.12092101573944092,35,21
1813,0,0.12350594997406006,36,24
1814,0,0.12690699100494385,35,21
1815,1,0.1316540241241455,21,35
1816,0,0.15076100826263428,38,22
1817,1,0.1333240270614624,19,37
1818,0,0.12299203872680664,35,17
1819,1,0.17088305950164795,24,39
1820,0,0.1090540885925293,40,19
1821,1,0.15591096878051758,25,38
1822,0,0.13817894458770752,37,22
1823,1,0.14794397354125977,26,38
1824,0,0.12484490871429443,35,21
1825,0,0.15264499187469482,37,23
1826,1,0.1453390121459961,24,36
1827,0,0.1311039924621582,40,37
1828,1,0.1333329677581787,23,37
1829,0,0.12804102897644043,36,24
1830,1,0.1437770128250122,25,39
1831,0,0.12749600410461426,37,21
1832,0,0.1176910400390625,35,35
1833,0,0.13997602462768555,35,35
1834,0,0.1349339485168457,39,24
1835,0,0.15873003005981445,35,21
1836,0,0.11258792877197266,36,20
1837,0,0.16833901405334473,37,23
1838,0,0.1526550054550171,37,23
1839,1,0.11557900905609131,20,36
1840,0,0.1386469602584839,37,21
1841,0,0.105133056640625,39,17
1842,0,0.1414109468460083,35,35
1843,1,0.1400669813156128,27,37
1844,0,0.1232520341873169,35,21
1845,1,0.11779499053955078,19,37
1846,1,0.13078093528747559,22,37
1847,0,0.12979507446289062,37,19
1848,1,0.11271202564239502,19,37
1849,0,0.1232379674911499,39,25
1850,0,0.12515997886657715,38,22
1851,1,0.12325894832611084,21,35
1852,0,0.18229401111602783,36,24
1853,0,0.13198697566986084,37,23
1854,1,0.1646510362625122,18,37
1855,1,0.16920197010040283,24,36
1856,0,0.16691899299621582,38,26
1857,1,0.1491769552230835,22,38
1858,1,0.15613198280334473,22,38
1859,0,0.15729796886444092,37,25
1860,0,0.15070295333862305,35,21
1861,1,0.11172199249267578,20,36
1862,1,0.1672290563583374,24,39
1863,0,0.16488301753997803,38,22
1864,0,0.14300501346588135,37,19
1865,0,0.126459002494812,35,21
1866,0,0.1400759220123291,35,21
1867,1,0.1443558931350708,22,38
1868,0,0.12999498844146729,35,35
1869,1,0.12408792972564697,23,37
1870,1,0.15430903434753418,22,38
1871,1,0.14480090141296387,24,39
1872,1,0.11403000354766846,21,35
1873,0,0.13008904457092285,39,36
1874,1,0.1107029914855957,21,35
1875,1,0.19700300693511963,21,37
1876,1,0.13834607601165771,19,37
1877,0,0.14080703258514404,36,24
1878,1,0.14947903156280518,21,35
1879,0,0.13366806507110596,35,21
1880,0,0.1242070198059082,36,22
1881,0,0.144089937210083,35,35
1882,0,0.1382761001586914,36,24
1883,0,0.18998193740844727,37,23
1884,1,0.1327599287033081,21,35
1885,1,0.15685701370239258,20,36
1886,0,0.154790997505188,38,26
1887,1,0.14988994598388672,23,37
1888,1,0.1516890525817871,25,40
1889,1,0.1581820249557495,23,37
1890,0,0.18520092964172363,42,28
1891,0,0.12835907936096191,35,21
1892,1,0.12392401695251465,23,37
1893,0,0.14766907691955566,38,22
1894,0,0.1493309736251831,37,23
1895,0,0.12382304668426514,35,26
1896,1,0.1332939863204956,19,37
1897,0,0.11755502223968506,38,20
1898,1,0.1296980381011963,21,35
1899,0,0.10470008850097656,35,23
1900,0,0.14412200450897217,37,23
1901,1,0.1592259407043457,24,38
1902,1,0.12338602542877197,17,35
1903,1,0.13505303859710693,21,37
1904,0,0.13474905490875244,38,38
1905,0,0.14809608459472656,36,24
1906,0,0.1220329999923706,37,19
1907,0,0.13605499267578125,40,23
1908,1,0.1756730079650879,26,37
1909,0,0.14733707904815674,39,38
1910,1,0.1516050100326538,27,37
1911,1,0.1304539442062378,17,35
1912,0,0.14994394779205322,37,24
1913,0,0.10851395130157471,37,22
1914,0,0.12189805507659912,35,21
1915,1,0.14550089836120605,21,35
1916,1,0.13611900806427002,26,38
1917,0,0.1414799690246582,35,21
1918,1,0.13879096508026123,24,36
1919,1,0.12685704231262207,20,36
1920,0,0.1500760316848755,39,38
1921,0,0.13866698741912842,36,24
1922,1,0.12009298801422119,21,37
1923,0,0.13213002681732178,35,35
1924,1,0.12193500995635986,21,35
1925,1,0.12582898139953613,24,36
1926,1,0.11478602886199951,20,36
1927,1,0.09613204002380371,21,37
1928,1,0.12230193614959717,25,38
1929,1,0.11759793758392334,21,35
1930,0,0.17424499988555908,35,17
1931,0,0.1664741039276123,36,24
1932,0,0.12828004360198975,38,22
1933,1,0.13985204696655273,24,36
1934,0,0.1653749942779541,38,26
1935,0,0.10125195980072021,34,14
1936,1,0.11363208293914795,22,34
1937,1,0.19720995426177979,21,38
1938,1,0.14003896713256836,24,36
1939,1,0.11731100082397461,20,36
1940,0,0.13737201690673828,36,22
1941,1,0.16575098037719727,21,35
1942,0,0.12871003150939941,37,19
1943,0,0.11654007434844971,37,24
1944,0,0.13004398345947266,38,26
1945,1,0.12087500095367432,17,35
1946,1,0.1498119831085205,24,39
1947,0,0.1765129566192627,36,24
1948,1,0.1559380292892456,24,37
1949,0,0.14051902294158936,35,21
1950,0,0.15116500854492188,38,22
1951,0,0.14251995086669922,38,22
1952,1,0.11370193958282471,21,35
1953,0,0.1430070400238037,37,23
1954,1,0.12389802932739258,19,37
1955,0,0.11955404281616211,35,35
1956,1,0.1349269151687622,26,37
1957,0,0.12287604808807373,37,19
1958,1,0.12398195266723633,23,37
1959,0,0.11313998699188232,38,21
1960,0,0.1374889612197876,37,23
1961,1,0.12643098831176758,25,38
1962,0,0.1355510950088501,35,35
1963,1,0.1349489688873291,22,38
1964,1,0.12659192085266113,24,38
1965,1,0.10754895210266113,17,35
1966,1,0.13127398490905762,26,38
1967,1,0.12062203884124756,20,38
1968,1,0.143110990524292,24,36
1969,0,0.13533997535705566,38,26
1970,0,0.11833798885345459,36,24
1971,0,0.10496604442596436,34,22
1972,0,0.1386120319366455,38,22
1973,0,0.12883198261260986,38,24
1974,0,0.13092994689941406,38,26
1975,0,0.12181603908538818,35,21
1976,0,0.13094592094421387,38,22
1977,0,0.10029399394989014,35,23
1978,1,0.13209295272827148,25,38
1979,0,0.13333094120025635,36,20
1980,1,0.09953200817108154,18,36
1981,0,0.12488400936126709,37,27
1982,0,0.13060998916625977,34,22
1983,1,0.14971303939819336,24,36
1984,0,0.12262797355651855,35,21
1985,0,0.12664997577667236,37,23
1986,0,0.11166203022003174,35,21
1987,0,0.10918998718261719,35,19
1988,0,0.14270710945129395,39,38
1989,0,0.10806810855865479,37,18
1990,0,0.10295295715332031,35,17
1991,1,0.11573004722595215,23,35
1992,0,0.1352710723876953,38,38
1993,1,0.1260700225830078,24,36
1994,0,0.12892699241638184,36,24
1995,1,0.15855801105499268,26,38
1996,1,0.13550400733947754,24,36
1997,1,0.1223900318145752,24,36
1998,0,0.12077295780181885,36,20
1999,0,0.11987793445587158,36,24
2000,1,0.11910593509674072,21,35
2001,1,0.12205791473388672,24,38
2002,1,0.14659392833709717,26,38
2003,0,0.11190199851989746,36,20
2004,1,0.10529792308807373,17,35
2005,1,0.12734198570251465,22,38
2006,0,0.11507391929626465,35,21
2007,0,0.14189600944519043,37,23
2008,0,0.1000359058380127,35,17
2009,1,0.11013293266296387,21,35
2010,1,0.1374499797821045,37,38
2011,1,0.11698496341705322,21,35
2012,1,0.12845301628112793,23,37
2013,1,0.12653100490570068,26,38
2014,0,0.11832797527313232,36,20
2015,1,0.11970698833465576,25,38
2016,0,0.10828602313995361,35,21
2017,0,0.12922000885009766,35,21
2018,0,0.1299980878829956,36,24
2019,0,0.1499389410018921,36,24
2020,0,0.12417304515838623,35,17
2021,0,0.11664402484893799,38,22
2022,0,0.13982105255126953,36,24
2023,1,0.1173100471496582,23,37
2024,1,0.10609996318817139,21,35
2025,0,0.11451303958892822,36,24
2026,0,0.12868595123291016,35,21
2027,1,0.11372089385986328,21,35
2028,0,0.1339479684829712,39,27
2029,0,0.1284949779510498,36,22
2030,0,0.11744701862335205,36,24
2031,0,0.1088629961013794,35,21
2032,0,0.11527299880981445,35,21
2033,0,0.11935293674468994,35,21
2034,0,0.12688910961151123,36,24
2035,0,0.13432490825653076,35,21
2036,1,0.13272202014923096,25,38
2037,0,0.11595606803894043,36,20
2038,1,0.11143994331359863,17,35
2039,1,0.11999797821044922,21,35
2040,0,0.12387502193450928,36,24
2041,1,0.12154901027679443,24,36
2042,0,0.10498309135437012,37,17
2043,0,0.11337101459503174,36,34
2044,0,0.12907302379608154,35,35
2045,1,0.12842309474945068,23,37
2046,0,0.10635209083557129,37,15
2047,1,0.12080800533294678,21,35
2048,0,0.13324201107025146,36,24
2049,0,0.10565292835235596,34,22
2050,1,0.12548303604125977,23,37
2051,0,0.20135295391082764,38,26
2052,0,0.13911092281341553,38,22
2053,1,0.1730790138244629,22,36
2054,1,0.14313507080078125,17,35
2055,0,0.1538219451904297,37,23
2056,1,0.193977952003479,24,36
2057,1,0.12978196144104004,21,35
2058,1,0.12585008144378662,23,37
2059,0,0.1283259391784668,35,21
2060,0,0.1192699670791626,37,27
2061,0,0.11408305168151855,36,20
2062,0,0.12630605697631836,35,21
2063,0,0.13374793529510498,35,35
2064,0,0.11105704307556152,35,17
2065,0,0.11244893074035645,35,21
2066,1,0.13148295879364014,22,38
2067,1,0.11877703666687012,20,36
2068,0,0.13729894161224365,37,21
2069,0,0.13080501556396484,37,23
2070,0,0.13354194164276123,36,24
2071,0,0.11834800243377686,36,20
2072,1,0.12471199035644531,23,37
2073,1,0.1327909231185913,23,37
2074,1,0.1675119400024414,23,40
2075,0,0.14822602272033691,38,22
2076,0,0.13171005249023438,38,20
2077,0,0.1251389980316162,35,35
2078,1,0.15963196754455566,24,39
2079,0,0.13948094844818115,35,21
2080,0,0.16773295402526855,38,22
2081,0,0.1503310203552246,35,21
2082,1,0.12930500507354736,23,35
2083,1,0.17056596279144287,38,39
2084,0,0.11636495590209961,36,24
2085,0,0.1203460693359375,35,17
2086,1,0.12055802345275879,21,35
2087,1,0.13972795009613037,24,39
2088,0,0.1377849578857422,35,21
2089,0,0.13244998455047607,35,21
2090,0,0.11401700973510742,38,25
2091,1,0.15028893947601318,23,37
2092,0,0.13078296184539795,37,23
2093,1,0.13665306568145752,28,42
2094,0,0.12366604804992676,37,23
2095,0,0.10596907138824463,38,24
2096,0,0.12404096126556396,35,21
2097,1,0.11861801147460938,17,35
2098,1,0.13058900833129883,26,38
2099,1,0.11964499950408936,26,36
2100,1,0.13381099700927734,24,36
2101,1,0.14855802059173584,38,39
2102,0,0.1305840015411377,38,22
2103,1,0.15872299671173096,23,37
2104,0,0.14946603775024414,37,23
2105,0,0.1682809591293335,37,23
2106,0,0.12891602516174316,35,25
2107,1,0.16293299198150635,23,37
2108,0,0.1275169849395752,35,21
2109,1,0.1209179162979126,24,36
2110,0,0.1520150899887085,35,21
2111,0,0.1806190013885498,35,35
2112,0,0.1082010269165039,37,19
2113,0,0.12572908401489258,37,27
2114,0,0.12864995002746582,37,22
2115,1,0.1661759614944458,22,34
2116,0,0.1978529691696167,38,26
2117,0,0.11632895469665527,36,24
2118,0,0.16716396808624268,41,22
2119,1,0.12777292728424072,21,35
2120,0,0.14129996299743652,38,26
2121,1,0.10966098308563232,21,35
2122,1,0.16043102741241455,24,36
2123,0,0.1527719497680664,37,23
2124,0,0.1384599208831787,38,20
2125,1,0.11586105823516846,21,35
2126,0,0.12087392807006836,37,23
2127,1,0.13453102111816406,23,37
2128,1,0.11997699737548828,23,37
2129,1,0.1379169225692749,24,38
2130,0,0.14686501026153564,37,23
2131,1,0.14612197875976562,22,41
2132,0,0.1479949951171875,38,22
2133,1,0.1252429485321045,21,37
2134,1,0.13930094242095947,24,36
2135,1,0.12344098091125488,16,36
2136,0,0.142022967338562,35,21
2137,1,0.18478095531463623,23,37
2138,0,0.164512038230896,37,27
2139,1,0.14425396919250488,16,36
2140,0,0.12053096294403076,37,15
2141,0,0.14461493492126465,35,17
2142,0,0.1238640546798706,36,24
2143,0,0.118461012840271,36,24
2144,1,0.13392901420593262,21,35
2145,1,0.14430499076843262,22,38
2146,0,0.12569200992584229,38,21
2147,0,0.1345829963684082,37,23
2148,0,0.14086198806762695,38,22
2149,1,0.13902103900909424,23,37
2150,1,0.12564706802368164,18,38
2151,1,0.15529000759124756,21,35
2152,0,0.13492095470428467,36,34
2153,0,0.12609505653381348,37,23
2154,1,0.14295196533203125,20,36
2155,1,0.15084099769592285,24,36
2156,0,0.126662015914917,36,20
2157,0,0.15669798851013184,38,22
2158,1,0.13993394374847412,26,38
2159,0,0.17382597923278809,41,26
2160,0,0.132796049118042,34,18
2161,0,0.11545801162719727,37,24
2162,0,0.11148309707641602,36,22
2163,0,0.12106204032897949,38,22
2164,0,0.113089919090271,35,35
2165,1,0.11531198024749756,20,36
2166,1,0.13338792324066162,24,36
2167,1,0.15712499618530273,23,37
2168,0,0.12882602214813232,35,21
2169,0,0.1558150053024292,36,24
2170,0,0.14201796054840088,36,22
2171,1,0.1414179801940918,26,38
2172,0,0.1338961124420166,36,23
2173,0,0.14525103569030762,36,24
2174,0,0.14126098155975342,35,21
2175,0,0.14604699611663818,38,22
2176,1,0.15797197818756104,26,38
2177,0,0.16223490238189697,36,24
2178,0,0.15146100521087646,38,26
2179,0,0.2120269536972046,35,35
2180,0,0.11693000793457031,36,20
2181,0,0.23923897743225098,39,38
2182,1,0.16068601608276367,25,38
2183,0,0.12656497955322266,37,23
2184,0,0.11555206775665283,38,17
2185,0,0.11289799213409424,35,21
2186,0,0.12517106533050537,35,17
2187,1,0.09848499298095703,16,36
2188,0,0.1016920804977417,35,21
2189,1,0.13128900527954102,22,38
2190,0,0.15866303443908691,35,35
2191,1,0.12939000129699707,22,34
2192,1,0.15328407287597656,25,38
2193,1,0.14872801303863525,22,36
2194,1,0.15118706226348877,23,37
2195,1,0.13639700412750244,21,37
2196,0,0.14306199550628662,37,19
2197,1,0.23730802536010742,27,37
2198,0,0.15680503845214844,37,27
2199,1,0.13871395587921143,23,35
2200,1,0.28582096099853516,20,36
2201,0,0.15282905101776123,38,22
2202,0,0.13715100288391113,37,21
2203,1,0.1651819944381714,26,38
2204,1,0.1554889678955078,20,36
2205,0,0.12379300594329834,36,20
2206,0,0.1357870101928711,35,35
2207,0,0.12905502319335938,36,20
2208,0,0.15041792392730713,37,27
2209,0,0.15217101573944092,38,26
2210,0,0.1205739974975586,35,20
2211,1,0.1508849859237671,23,37
2212,1,0.12311506271362305,21,35
2213,1,0.1319570541381836,24,36
2214,0,0.1264359951019287,35,25
2215,0,0.08880400657653809,36,20
2216,0,0.13105511665344238,37,23
2217,0,0.23866498470306396,35,35
2218,0,0.1335679292678833,38,22
2219,0,0.11555004119873047,35,21
2220,0,0.12346601486206055,36,24
2221,0,0.13250207901000977,38,22
2222,0,0.1861790418624878,38,26
2223,1,0.11882805824279785,24,37
2224,0,0.1167839765548706,37,23
2225,0,0.14468789100646973,38,22
2226,1,0.13825500011444092,22,38
2227,0,0.13093090057373047,38,22
2228,1,0.15414202213287354,20,36
2229,0,0.13796401023864746,40,37
2230,1,0.12357890605926514,23,37
2231,0,0.11299300193786621,35,19
2232,0,0.12370991706848145,35,23
2233,0,0.12606799602508545,37,23
2234,1,0.11712396144866943,25,38
2235,1,0.1244279146194458,20,36
2236,1,0.17420291900634766,24,36
2237,1,0.14383399486541748,23,35
2238,0,0.12892496585845947,37,19
2239,1,0.15368402004241943,37,40
2240,0,0.1263599395751953,37,23
2241,0,0.14828097820281982,34,22
2242,1,0.14288997650146484,26,37
2243,1,0.11114096641540527,20,36
2244,1,0.12960803508758545,22,38
2245,1,0.12688100337982178,23,37
2246,0,0.1486210823059082,37,26
2247,0,0.13736295700073242,38,22
2248,0,0.12140607833862305,36,24
2249,1,0.11216294765472412,17,35
2250,0,0.15253198146820068,38,26
2251,1,0.13014304637908936,24,36
2252,1,0.11282598972320557,21,35
2253,1,0.1365569829940796,24,36
2254,0,0.14066505432128906,36,24
2255,0,0.15842902660369873,36,24
2256,0,0.12740802764892578,38,22
2257,0,0.14727795124053955,36,24
2258,1,0.11859297752380371,24,36
2259,0,0.1343480348587036,35,35
2260,0,0.21876800060272217,38,25
2261,0,0.15460002422332764,38,26
2262,1,0.14807701110839844,23,37
2263,1,0.11068606376647949,19,35
2264,1,0.13979601860046387,23,37
2265,0,0.18831908702850342,38,25
2266,1,0.12739205360412598,20,36
2267,1,0.14183306694030762,19,35
2268,1,0.17593705654144287,23,37
2269,0,0.1438760757446289,38,26
2270,1,0.12651395797729492,25,39
2271,1,0.13637900352478027,24,36
2272,0,0.11731290817260742,36,18
2273,0,0.14807093143463135,38,24
2274,0,0.13722491264343262,38,26
2275,0,0.1619960069656372,35,35
2276,0,0.14470601081848145,35,21
2277,0,0.14568090438842773,36,34
2278,1,0.1298379898071289,19,37
2279,1,0.11634600162506104,17,35
2280,1,0.15119397640228271,38,39
2281,0,0.11777305603027344,36,19
2282,0,0.15473604202270508,36,19
2283,1,0.15983295440673828,23,37
2284,0,0.15481805801391602,35,21
2285,0,0.1271970272064209,36,24
2286,1,0.13433599472045898,37,38
2287,0,0.10674905776977539,35,17
2288,0,0.1279970407485962,36,24
2289,0,0.16689395904541016,36,20
2290,1,0.13105392456054688,22,38
2291,0,0.11207306385040283,34,18
2292,1,0.15296494960784912,24,36
2293,1,0.12277305126190186,23,35
2294,0,0.13430702686309814,36,20
2295,0,0.11588501930236816,36,22
2296,1,0.1291639804840088,27,37
2297,0,0.13231706619262695,39,21
2298,0,0.1345970630645752,35,35
2299,0,0.1187669038772583,35,21
2300,1,0.16556203365325928,34,36
2301,1,0.15092802047729492,21,35
2302,1,0.12167096138000488,21,37
2303,0,0.12175893783569336,37,23
2304,1,0.13270103931427002,22,38
2305,0,0.12381196022033691,38,22
2306,1,0.14789295196533203,20,36
2307,1,0.17826497554779053,23,37
2308,1,0.16175901889801025,19,37
2309,0,0.1506439447402954,37,23
2310,0,0.11693298816680908,34,18
2311,1,0.13519489765167236,24,36
2312,1,0.11802005767822266,20,36
2313,1,0.12919890880584717,27,37
2314,1,0.12994396686553955,24,36
2315,1,0.1591099500656128,24,36
2316,1,0.15095806121826172,26,38
2317,1,0.1317499876022339,15,37
2318,1,0.11882400512695312,24,36
2319,0,0.12337696552276611,38,22
2320,0,0.14864301681518555,34,22
2321,1,0.1744239330291748,22,38
2322,1,0.127471923828125,19,37
2323,1,0.161207914352417,22,38
2324,0,0.13092005252838135,35,25
2325,1,0.12510299682617188,25,38
2326,0,0.13334906101226807,39,23
2327,1,0.12517499923706055,23,37
2328,0,0.14155292510986328,38,24
2329,0,0.15309500694274902,35,35
2330,0,0.1327279806137085,38,22
2331,0,0.17712700366973877,37,20
2332,0,0.1436450481414795,37,21
2333,1,0.15620505809783936,22,38
2334,0,0.12075793743133545,35,19
2335,1,0.14031898975372314,34,36
2336,1,0.132470965385437,37,38
2337,1,0.14955401420593262,23,40
2338,0,0.144179105758667,37,19
2339,1,0.14242100715637207,22,38
2340,0,0.15653502941131592,39,25
2341,1,0.14906609058380127,23,38
2342,0,0.1324310302734375,37,19
2343,0,0.11149394512176514,35,17
2344,1,0.11781001091003418,34,36
2345,1,0.10944104194641113,22,36
2346,1,0.1161569356918335,20,36
2347,1,0.13338100910186768,24,36
2348,0,0.11539506912231445,35,21
2349,0,0.12952399253845215,37,27
2350,1,0.11128294467926025,18,36
2351,0,0.13348400592803955,35,35
2352,0,0.11367809772491455,38,22
2353,1,0.1401129961013794,22,38
2354,0,0.13779997825622559,36,24
2355,0,0.19329798221588135,38,22
2356,0,0.1722719669342041,34,25
2357,0,0.14091205596923828,40,37
2358,0,0.16602396965026855,36,24
2359,0,0.15031802654266357,35,17
2360,1,0.15905308723449707,19,37
2361,0,0.13045191764831543,35,21
2362,1,0.18697595596313477,19,37
2363,1,0.12162399291992188,21,35
2364,1,0.1340099573135376,19,37
2365,0,0.12881910800933838,35,21
2366,0,0.14148998260498047,36,20
2367,0,0.14554202556610107,35,21
2368,0,0.1279209852218628,35,35
2369,0,0.12631309032440186,35,21
2370,0,0.16519200801849365,38,26
2371,1,0.12820303440093994,20,36
2372,1,0.12073802947998047,23,37
2373,0,0.12419795989990234,35,21
2374,0,0.12696003913879395,35,21
2375,0,0.1438390016555786,37,23
2376,1,0.14315295219421387,24,41
2377,1,0.1587311029434204,26,38
2378,0,0.11261093616485596,35,17
2379,1,0.15596795082092285,20,36
2380,0,0.13939595222473145,37,23
2381,0,0.12123501300811768,37,17
2382,1,0.11757791042327881,21,35
2383,0,0.13029301166534424,36,24
2384,0,0.1270219087600708,35,35
2385,0,0.12339901924133301,36,16
2386,0,0.14343297481536865,35,21
2387,1,0.11304903030395508,21,35
2388,0,0.1213369369506836,35,21
2389,0,0.13126897811889648,36,20
2390,1,0.20264601707458496,22,38
2391,0,0.1744389533996582,38,38
2392,0,0.110198974609375,38,22
2393,0,0.1510070562362671,36,24
2394,1,0.09961199760437012,17,35
2395,0,0.10147607326507568,35,19
2396,0,0.14873600006103516,37,23
2397,1,0.1453930139541626,23,37
2398,1,0.10666799545288086,21,35
2399,0,0.13058805465698242,37,27
2400,0,0.13155102729797363,35,25
2401,0,0.12705695629119873,35,23
2402,0,0.13391709327697754,40,23
2403,0,0.13671910762786865,35,17
2404,0,0.17558801174163818,37,15
2405,1,0.13754403591156006,22,38
2406,0,0.14764297008514404,35,35
2407,1,0.158255934715271,18,38
2408,1,0.11478698253631592,20,36
2409,1,0.15027904510498047,26,38
2410,0,0.1465979814529419,35,21
2411,0,0.13372600078582764,37,22
2412,0,0.1241910457611084,36,24
2413,0,0.21313297748565674,35,23
2414,1,0.1899089813232422,21,35
2415,0,0.13548004627227783,38,22
2416,1,0.14127695560455322,19,37
2417,1,0.1315699815750122,22,38
2418,0,0.11908793449401855,36,24
2419,0,0.14106810092926025,37,27
2420,1,0.15105605125427246,21,35
2421,0,0.15318000316619873,36,16
2422,0,0.11128497123718262,35,25
2423,0,0.12306606769561768,39,19
2424,1,0.1358180046081543,24,36
2425,1,0.1101980209350586,21,35
2426,1,0.12324106693267822,21,35
2427,0,0.1428389549255371,38,21
2428,1,0.12682998180389404,23,37
2429,0,0.13816297054290771,38,25
2430,0,0.11906909942626953,37,19
2431,0,0.1677560806274414,37,19
2432,0,0.12657701969146729,37,21
2433,1,0.13978993892669678,25,37
2434,1,0.13290297985076904,24,36
2435,1,0.11075007915496826,21,35
2436,1,0.12041401863098145,26,36
2437,0,0.12000203132629395,35,35
2438,1,0.1263120174407959,16,36
2439,0,0.13025999069213867,36,24
2440,1,0.14391303062438965,23,37
2441,1,0.12917101383209229,23,37
2442,0,0.11490797996520996,35,21
2443,0,0.12101304531097412,35,17
2444,1,0.14003300666809082,20,36
2445,1,0.19225001335144043,19,37
2446,1,0.16474199295043945,22,36
2447,0,0.13707101345062256,38,18
2448,0,0.13645505905151367,38,22
2449,1,0.129952073097229,20,36
2450,1,0.1389099359512329,23,37
2451,0,0.1420079469680786,37,23
2452,0,0.1375749111175537,38,22
2453,0,0.13711905479431152,36,24
2454,1,0.14052700996398926,20,36
2455,0,0.12140297889709473,39,21
2456,0,0.12444007396697998,37,23
2457,1,0.12908601760864258,17,38
2458,1,0.14261102676391602,23,37
2459,1,0.12105894088745117,26,36
2460,0,0.12839198112487793,37,23
2461,0,0.16290199756622314,39,25
2462,1,0.12217998504638672,21,35
2463,0,0.12099599838256836,38,22
2464,0,0.13316094875335693,36,24
2465,1,0.11838996410369873,21,35
2466,0,0.12908196449279785,35,21
2467,0,0.10205507278442383,35,21
2468,0,0.1333709955215454,37,23
2469,1,0.1327979564666748,24,36
2470,1,0.13413095474243164,24,39
2471,1,0.17131900787353516,27,37
2472,0,0.15877807140350342,36,24
2473,1,0.14620709419250488,23,37
2474,0,0.14597594738006592,35,35
2475,0,0.1579279899597168,38,26
2476,1,0.119346022605896,17,37
2477,0,0.17046189308166504,38,25
2478,1,0.13182199001312256,24,39
2479,0,0.176535964012146,35,35
2480,1,0.1457509994506836,26,41
2481,1,0.19539499282836914,19,37
2482,0,0.17230498790740967,35,35
2483,0,0.12315201759338379,35,21
2484,1,0.12011110782623291,20,36
2485,0,0.1398400068283081,35,23
2486,0,0.11544299125671387,35,21
2487,0,0.12391400337219238,37,23
2488,1,0.16830503940582275,21,39
2489,0,0.14352095127105713,36,20
2490,0,0.1400970220565796,41,22
2491,0,0.18502402305603027,38,18
2492,1,0.1525479555130005,23,37
2493,0,0.11520802974700928,36,20
2494,0,0.13995897769927979,40,19
2495,0,0.13916802406311035,35,21
2496,1,0.14523005485534668,26,38
2497,1,0.1581209897994995,21,35
2498,1,0.15901005268096924,26,38
2499,0,0.1208120584487915,35,21
2500,0,0.10821402072906494,38,21
2501,0,0.1234140396118164,35,21
2502,1,0.13820195198059082,20,36
2503,1,0.14245903491973877,26,38
2504,0,0.12455999851226807,35,19
2505,0,0.16956102848052979,38,24
2506,0,0.143172025680542,38,38
2507,0,0.12860500812530518,36,24
2508,1,0.14641904830932617,23,37
2509,1,0.12823796272277832,24,36
2510,0,0.15891993045806885,35,21
2511,1,0.12609195709228516,28,39
2512,0,0.19608604907989502,35,26
2513,1,0.1366790533065796,21,35
2514,1,0.1601170301437378,24,38
2515,1,0.1737840175628662,23,37
2516,1,0.14047396183013916,24,36
2517,0,0.12090909481048584,38,26
2518,0,0.15685498714447021,37,23
2519,1,0.14024698734283447,26,38
2520,1,0.11283302307128906,21,35
2521,1,0.13453900814056396,22,38
2522,1,0.11260700225830078,20,38
2523,0,0.11311602592468262,35,23
2524,0,0.18053793907165527,38,26
2525,1,0.12880206108093262,20,36
2526,0,0.1842120885848999,35,35
2527,0,0.12771809101104736,37,23
2528,1,0.19100403785705566,22,38
2529,0,0.143388032913208,36,20
2530,0,0.12950992584228516,36,20
2531,0,0.1520630121231079,36,23
2532,0,0.12439501285552979,35,23
2533,1,0.15199100971221924,24,38
2534,1,0.2510949373245239,21,35
2535,1,0.13264596462249756,24,36
2536,0,0.12160992622375488,38,22
2537,0,0.21035706996917725,35,21
2538,0,0.1602250337600708,36,24
2539,0,0.10978496074676514,36,16
2540,0,0.2691589593887329,38,22
2541,0,0.10623598098754883,35,21
2542,1,0.15517699718475342,23,37
2543,1,0.1618579626083374,37,40
2544,1,0.12267196178436279,21,35
2545,0,0.10349500179290771,35,21
2546,0,0.11327803134918213,35,21
2547,0,0.15998196601867676,37,27
2548,0,0.12397301197052002,36,24
2549,0,0.13980603218078613,37,27
2550,0,0.1332089900970459,35,35
2551,0,0.16296398639678955,37,23
2552,0,0.1900629997253418,37,23
2553,1,0.14020001888275146,24,36
2554,1,0.12949800491333008,25,38
2555,1,0.10638701915740967,21,35
2556,0,0.11676907539367676,35,21
2557,1,0.12918901443481445,24,36
2558,1,0.1482480764389038,26,38
2559,0,0.10462296009063721,35,17
2560,1,0.13787305355072021,18,34
2561,0,0.18183600902557373,37,27
2562,1,0.21545696258544922,25,37
2563,1,0.1454179286956787,36,37
2564,0,0.12933099269866943,38,18
2565,0,0.14573097229003906,35,21
2566,1,0.12741601467132568,24,36
2567,1,0.10227501392364502,22,36
2568,1,0.12049102783203125,21,35
2569,0,0.12440896034240723,36,24
2570,1,0.12376201152801514,19,37
2571,0,0.11527705192565918,35,21
2572,1,0.11270999908447266,22,38
2573,0,0.1468120813369751,38,22
2574,0,0.12099301815032959,35,21
2575,1,0.14171993732452393,26,38
2576,0,0.12720108032226562,37,23
2577,1,0.12875092029571533,24,36
2578,1,0.13628602027893066,22,38
2579,0,0.14671695232391357,38,26
2580,0,0.11812400817871094,36,20
2581,1,0.12948691844940186,24,38
2582,1,0.12308895587921143,27,36
2583,0,0.1399519443511963,38,26
2584,0,0.11207699775695801,35,21
2585,0,0.11928200721740723,35,35
2586,1,0.14085495471954346,23,37
2587,1,0.1486070156097412,23,36
2588,0,0.12785100936889648,36,24
2589,1,0.15291500091552734,22,38
2590,0,0.17227697372436523,36,24
2591,0,0.13903510570526123,36,20
2592,0,0.1683809757232666,39,24
2593,0,0.14157092571258545,38,22
2594,0,0.2700929641723633,38,26
2595,1,0.15606307983398438,21,35
2596,1,0.12132096290588379,21,35
2597,0,0.10383498668670654,35,21
2598,1,0.1370450258255005,24,36
2599,1,0.1203240156173706,23,37
2600,1,0.12678098678588867,24,36
2601,0,0.12117397785186768,40,23
2602,0,0.13702797889709473,36,24
2603,1,0.11246192455291748,23,35
2604,0,0.15076100826263428,36,20
2605,0,0.12681305408477783,35,23
2606,0,0.13293397426605225,35,21
2607,0,0.11877000331878662,35,17
2608,1,0.12776100635528564,21,35
2609,0,0.11548304557800293,37,19
2610,0,0.13849997520446777,38,22
2611,1,0.15364909172058105,24,36
2612,1,0.14043200016021729,21,35
2613,1,0.1340770721435547,23,37
2614,1,0.1393359899520874,19,37
2615,0,0.10020601749420166,35,21
2616,0,0.12626707553863525,38,22
2617,0,0.1436680555343628,40,25
2618,0,0.12379097938537598,38,22
2619,0,0.14577603340148926,38,22
2620,0,0.1330939531326294,37,23
2621,0,0.12235391139984131,36,22
2622,1,0.11244499683380127,15,35
2623,1,0.1422659158706665,20,36
2624,0,0.1510070562362671,38,26
2625,0,0.13196992874145508,35,35
2626,1,0.12665903568267822,21,35
2627,1,0.14851093292236328,23,37
2628,0,0.12892389297485352,35,17
2629,0,0.131384015083313,36,24
2630,1,0.22213292121887207,23,37
2631,0,0.18559205532073975,36,24
2632,0,0.11688399314880371,37,24
2633,1,0.10115504264831543,20,36
2634,0,0.11902999877929688,36,24
2635,1,0.11176502704620361,21,35
2636,1,0.13135302066802979,25,39
2637,0,0.0871880054473877,36,14
2638,1,0.12955701351165771,23,37
2639,1,0.12054598331451416,19,37
2640,1,0.13663196563720703,26,38
2641,1,0.1261540651321411,20,36
2642,1,0.1349480152130127,20,36
2643,0,0.13562405109405518,39,38
2644,1,0.11718893051147461,21,35
2645,0,0.14270293712615967,37,18
2646,0,0.13016903400421143,36,34
2647,0,0.10838508605957031,35,21
2648,1,0.13343703746795654,23,37
2649,1,0.14623606204986572,25,39
2650,0,0.1312389373779297,38,26
2651,1,0.13579797744750977,22,38
2652,0,0.11478698253631592,36,20
2653,0,0.12256097793579102,36,24
2654,1,0.12952399253845215,25,39
2655,0,0.13009488582611084,37,23
2656,1,0.1450669765472412,21,35
2657,1,0.10787498950958252,21,37
2658,0,0.12083697319030762,35,35
2659,0,0.11524903774261475,34,18
2660,0,0.17942297458648682,38,26
2661,1,0.11539101600646973,23,40
2662,0,0.0998690128326416,36,16
2663,0,0.10918402671813965,35,23
2664,0,0.09604096412658691,35,13
2665,0,0.12907004356384277,36,26
2666,0,0.10697805881500244,35,21
2667,1,0.13124799728393555,21,35
2668,1,0.14192092418670654,34,36
2669,1,0.12030506134033203,20,36
2670,0,0.11662697792053223,36,24
2671,1,0.10134804248809814,21,37
2672,1,0.1408020257949829,26,41
2673,0,0.13935494422912598,37,27
2674,0,0.11812305450439453,36,20
2675,0,0.11960101127624512,39,28
2676,0,0.12659907341003418,37,27
2677,0,0.1325749158859253,37,23
2678,0,0.10822403430938721,38,18
2679,0,0.1500399112701416,40,23
2680,0,0.11168301105499268,37,23
2681,1,0.13017809391021729,24,36
2682,0,0.11636698246002197,35,24
2683,1,0.12316501140594482,21,38
2684,0,0.1357649564743042,36,24
2685,0,0.14402401447296143,36,18
2686,1,0.15090203285217285,26,38
2687,0,0.15442490577697754,38,22
2688,1,0.13846004009246826,22,38
2689,1,0.12507891654968262,24,38
2690,1,0.10897302627563477,20,36
2691,1,0.13175499439239502,21,35
2692,0,0.12002396583557129,35,23
2693,0,0.13771700859069824,36,24
2694,0,0.12296903133392334,36,20
2695,1,0.11847209930419922,22,38
2696,0,0.12679791450500488,35,35
2697,1,0.10732197761535645,20,36
2698,0,0.1326429843902588,38,20
2699,0,0.13825201988220215,37,22
2700,1,0.13108599185943604,23,37
2701,0,0.12580692768096924,35,21
2702,0,0.12083208560943604,38,25
2703,1,0.1093829870223999,20,36
2704,0,0.12775194644927979,37,23
2705,1,0.11567997932434082,26,38
2706,1,0.12781596183776855,24,36
2707,0,0.10512399673461914,37,18
2708,0,0.12466204166412354,37,19
2709,0,0.10713601112365723,35,19
2710,1,0.13217103481292725,24,36
2711,0,0.14272499084472656,38,38
2712,1,0.12414300441741943,24,36
2713,0,0.13934898376464844,38,24
2714,0,0.1656709909439087,38,26
2715,1,0.12846004962921143,25,39
2716,0,0.10885405540466309,35,17
2717,1,0.14979302883148193,23,40
2718,1,0.12507390975952148,21,35
2719,0,0.1111760139465332,35,21
2720,0,0.14493703842163086,37,27
2721,0,0.11030197143554688,36,24
2722,0,0.14800405502319336,39,25
2723,0,0.1311349868774414,38,22
2724,1,0.12417590618133545,23,37
2725,0,0.11278200149536133,36,34
2726,1,0.11932110786437988,24,36
2727,1,0.13888990879058838,20,36
2728,0,0.10957396030426025,36,20
2729,1,0.11433494091033936,23,37
2730,1,0.11053693294525146,21,35
2731,0,0.13918697834014893,38,26
2732,0,0.11499297618865967,35,21
2733,0,0.11592602729797363,36,24
2734,1,0.11650097370147705,23,37
2735,0,0.12106990814208984,40,23
2736,1,0.11665594577789307,22,38
2737,1,0.11557793617248535,19,37
2738,0,0.13454198837280273,35,35
2739,1,0.1132969856262207,19,37
2740,0,0.12987291812896729,38,37
2741,0,0.12864995002746582,38,18
2742,0,0.13530004024505615,39,24
2743,1,0.1187739372253418,17,35
2744,1,0.11736702919006348,17,35
2745,0,0.11839497089385986,35,17
2746,1,0.14897704124450684,25,41
2747,0,0.1462249755859375,37,19
2748,0,0.12841498851776123,35,35
2749,0,0.1412949562072754,38,22
2750,0,0.13533198833465576,36,24
2751,0,0.12856197357177734,37,19
2752,0,0.10812997817993164,35,21
2753,1,0.11449301242828369,21,35
2754,1,0.11225998401641846,21,35
2755,0,0.13652801513671875,37,27
2756,0,0.12918400764465332,37,23
2757,0,0.1075890064239502,34,18
2758,1,0.1277099847793579,22,37
2759,1,0.11569607257843018,23,35
2760,0,0.14878201484680176,37,27
2761,0,0.12920689582824707,36,24
2762,0,0.12714195251464844,36,20
2763,1,0.12329399585723877,24,36
2764,0,0.1407470703125,38,26
2765,0,0.11937403678894043,37,23
2766,0,0.12189900875091553,37,23
2767,1,0.12161695957183838,24,37
2768,0,0.11396098136901855,35,21
2769,0,0.11265289783477783,37,21
2770,0,0.1200709342956543,39,21
2771,1,0.12463796138763428,23,37
2772,0,0.1196889877319336,35,35
2773,0,0.13476204872131348,38,18
2774,1,0.10821199417114258,18,38
2775,0,0.13647902011871338,39,24
2776,1,0.11385691165924072,22,36
2777,0,0.1243889331817627,38,26
2778,0,0.10763800144195557,35,35
2779,0,0.11065804958343506,36,20
2780,1,0.11428797245025635,21,35
2781,1,0.1095430850982666,18,34
2782,0,0.14104294776916504,38,26
2783,1,0.12629497051239014,23,37
2784,0,0.12753808498382568,37,23
2785,1,0.11701095104217529,24,36
2786,0,0.13991808891296387,39,25
2787,1,0.13860797882080078,30,40
2788,0,0.09664607048034668,37,19
2789,0,0.11194896697998047,36,24
2790,0,0.1090010404586792,35,21
2791,1,0.12259304523468018,24,36
2792,0,0.12236607074737549,36,20
2793,1,0.12401401996612549,19,37
2794,1,0.1253880262374878,23,37
2795,0,0.09069406986236572,35,17
2796,1,0.14558494091033936,23,37
2797,0,0.10739195346832275,35,21
2798,0,0.12123596668243408,41,22
2799,0,0.12225198745727539,35,35
2800,0,0.12518095970153809,37,26
2801,1,0.11724710464477539,22,36
2802,0,0.1293489933013916,38,26
2803,1,0.11189496517181396,19,37
2804,1,0.13427996635437012,26,38
2805,1,0.11270809173583984,18,36
2806,0,0.12074601650238037,35,21
2807,1,0.13431799411773682,26,38
2808,0,0.1254880428314209,34,22
2809,1,0.11535298824310303,20,36
2810,0,0.13983798027038574,37,27
2811,0,0.12101006507873535,38,18
2812,1,0.11148500442504883,22,34
2813,0,0.1344599723815918,36,24
2814,0,0.1183919906616211,38,22
2815,0,0.12014102935791016,35,21
2816,0,0.1219339370727539,38,22
2817,0,0.13965201377868652,39,38
2818,0,0.11858499050140381,36,23
2819,1,0.13257694244384766,23,37
2820,1,0.11901998519897461,24,36
2821,0,0.11663401126861572,35,35
2822,0,0.12600493431091309,40,23
2823,0,0.12673091888427734,36,20
2824,1,0.11986792087554932,20,36
2825,0,0.11007797718048096,34,22
2826,0,0.1451559066772461,38,26
2827,1,0.11203300952911377,18,38
2828,1,0.13617193698883057,26,38
2829,0,0.11436402797698975,36,34
2830,1,0.1283729076385498,23,37
2831,0,0.11421501636505127,35,19
2832,1,0.13552308082580566,23,37
2833,0,0.13732504844665527,38,24
2834,0,0.11398696899414062,35,17
2835,1,0.12084293365478516,24,36
2836,0,0.13792097568511963,35,21
2837,0,0.11149191856384277,37,21
2838,1,0.10826408863067627,34,36
2839,1,0.12216198444366455,23,37
2840,0,0.1294260025024414,36,20
2841,1,0.11652600765228271,21,35
2842,0,0.14227402210235596,39,24
2843,0,0.13895094394683838,37,23
2844,0,0.1392151117324829,37,26
2845,0,0.10326898097991943,37,15
2846,1,0.13846302032470703,22,38
2847,1,0.13003802299499512,24,36
2848,0,0.10603606700897217,37,21
2849,0,0.09590804576873779,36,18
2850,1,0.10164308547973633,20,36
2851,1,0.11747896671295166,21,35
2852,0,0.11088204383850098,35,21
2853,1,0.12748897075653076,22,38
2854,1,0.13472998142242432,22,38
2855,0,0.11915504932403564,35,21
2856,0,0.1130220890045166,36,20
2857,0,0.12205398082733154,36,24
2858,0,0.11861002445220947,37,25
2859,0,0.1369539499282837,36,24
2860,1,0.13689196109771729,21,35
2861,1,0.1218489408493042,23,35
2862,1,0.12383806705474854,24,36
2863,1,0.11309003829956055,16,36
2864,0,0.13135802745819092,36,24
2865,1,0.09783303737640381,21,35
2866,0,0.1081550121307373,35,21
2867,0,0.11348402500152588,37,21
2868,0,0.14086008071899414,37,23
2869,0,0.16348302364349365,37,27
2870,1,0.13034296035766602,21,35
2871,1,0.12282693386077881,23,37
2872,0,0.14938104152679443,36,24
2873,0,0.1279360055923462,36,24
2874,0,0.13208401203155518,36,24
2875,0,0.13716399669647217,36,20
2876,0,0.20670092105865479,39,24
2877,0,0.12188506126403809,35,35
2878,0,0.13299500942230225,34,22
2879,0,0.1611860990524292,35,35
2880,0,0.12355005741119385,35,21
2881,0,0.12119793891906738,36,20
2882,0,0.13971400260925293,39,25
2883,0,0.12062597274780273,38,24
2884,1,0.13011503219604492,22,38
2885,0,0.13307297229766846,38,22
2886,0,0.1258610486984253,36,23
2887,0,0.13245701789855957,39,24
2888,1,0.10430598258972168,17,35
2889,1,0.1287059783935547,24,36
2890,1,0.12031400203704834,21,35
2891,0,0.1218339204788208,38,22
2892,0,0.13917601108551025,37,27
2893,0,0.1197350025177002,35,21
2894,0,0.1381669044494629,38,26
2895,0,0.12113404273986816,37,26
2896,1,0.1314150094985962,27,37
2897,0,0.13395094871520996,38,22
2898,0,0.13218700885772705,35,25
2899,0,0.1138080358505249,40,23
2900,0,0.11474406719207764,38,18
2901,0,0.1419210433959961,38,26
2902,0,0.09070408344268799,35,21
2903,0,0.13964509963989258,35,21
2904,0,0.14364707469940186,38,26
2905,1,0.10944890975952148,21,35
2906,0,0.12915802001953125,38,25
2907,0,0.13228297233581543,38,26
2908,0,0.14486706256866455,37,19
2909,0,0.10699295997619629,35,17
2910,0,0.1276249885559082,35,35
2911,1,0.12189602851867676,22,38
2912,1,0.13592302799224854,21,39
2913,0,0.13998806476593018,36,24
2914,0,0.12003493309020996,35,21
2915,0,0.1472870111465454,36,24
2916,0,0.14596903324127197,37,23
2917,0,0.13207995891571045,38,21
2918,0,0.12000405788421631,35,21
2919,0,0.13166308403015137,40,23
2920,1,0.13808608055114746,24,36
2921,0,0.15069794654846191,36,24
2922,1,0.1285550594329834,21,35
2923,0,0.10762202739715576,37,15
2924,1,0.11003494262695312,24,36
2925,1,0.15174102783203125,21,37
2926,0,0.14472496509552002,36,24
2927,0,0.12931203842163086,36,24
2928,0,0.13219904899597168,38,22
2929,1,0.10773193836212158,24,36
2930,0,0.12351799011230469,38,22
2931,0,0.14723896980285645,38,22
2932,1,0.1347719430923462,19,37
2933,1,0.15899288654327393,22,38
2934,1,0.13753807544708252,23,35
2935,0,0.1393359899520874,35,21
2936,0,0.14070701599121094,35,21
2937,1,0.13833200931549072,22,36
2938,0,0.12530899047851562,36,26
2939,0,0.14217603206634521,35,35
2940,0,0.16178393363952637,36,24
2941,0,0.1434539556503296,37,22
2942,1,0.19597399234771729,23,37
2943,0,0.10850000381469727,35,17
2944,1,0.1501239538192749,26,38
2945,1,0.11175394058227539,20,36
2946,1,0.14485609531402588,22,38
2947,0,0.11281001567840576,39,25
2948,1,0.12285900115966797,34,36
2949,0,0.11473202705383301,35,35
2950,1,0.14178597927093506,22,38
2951,0,0.11259996891021729,36,24
2952,0,0.12492597103118896,35,21
2953,1,0.1194760799407959,20,36
2954,0,0.11135303974151611,35,17
2955,0,0.1258310079574585,36,20
2956,0,0.1215900182723999,39,21
2957,0,0.1197359561920166,35,17
2958,0,0.13954806327819824,37,19
2959,0,0.12497198581695557,35,21
2960,0,0.13795006275177002,38,26
2961,1,0.1225440502166748,23,37
2962,1,0.22087299823760986,26,38
2963,1,0.11813104152679443,17,35
2964,1,0.15155506134033203,26,38
2965,1,0.12303400039672852,20,36
2966,1,0.11956501007080078,19,37
2967,1,0.14230704307556152,27,37
2968,1,0.10495996475219727,19,35
2969,0,0.12914204597473145,38,26
2970,1,0.17916500568389893,21,35
2971,0,0.1373300552368164,37,19
2972,0,0.14741909503936768,37,19
2973,0,0.13833796977996826,36,24
2974,0,0.1180570125579834,37,23
2975,1,0.13260304927825928,23,37
2976,0,0.12475597858428955,35,21
2977,0,0.13409900665283203,37,23
2978,0,0.15458297729492188,36,24
2979,1,0.1475210189819336,21,35
2980,1,0.14836597442626953,19,37
2981,0,0.15859007835388184,38,22
2982,0,0.18976402282714844,37,25
2983,0,0.1317589282989502,35,19
2984,1,0.1468949317932129,22,38
2985,0,0.2360149621963501,37,23
2986,0,0.11833202838897705,38,18
2987,1,0.11752605438232422,22,38
2988,1,0.11588501930236816,20,36
2989,0,0.11175107955932617,36,20
2990,1,0.14632606506347656,26,38
2991,1,0.10793197154998779,18,36
2992,0,0.1341109275817871,37,23
2993,1,0.13227403163909912,17,35
2994,0,0.13687193393707275,37,23
2995,0,0.11148703098297119,34,18
2996,0,0.13701999187469482,36,20
2997,1,0.15092098712921143,20,36
2998,1,0.13772296905517578,23,37
2999,0,0.11572098731994629,37,23
